가공우유,,,0,NNG,*,F,가공우유,*,*,*,*
가래떡,,,0,NNG,*,T,가래떡,*,*,*,*
가루,,,0,NNG,*,F,가루,*,*,*,*
가루분말,,,0,NNG,*,T,가루분말,*,*,*,*
가슴살,,,0,NNG,*,T,가슴살,*,*,*,*
가염버터,,,0,NNG,*,F,가염버터,*,*,*,*
가지,,,0,NNG,*,F,가지,*,*,*,*
간장,,,0,NNG,*,T,간장,*,*,*,*
갈릭파우더,,,0,NNG,*,F,갈릭파우더,*,*,*,*
갈매기살,,,0,NNG,*,T,갈매기살,*,*,*,*
갈비,,,0,NNG,*,F,갈비,*,*,*,*
갈치,,,0,NNG,*,F,갈치,*,*,*,*
감자,,,0,NNG,*,F,감자,*,*,*,*
감자전분,,,0,NNG,*,T,감자전분,*,*,*,*
감자칩,,,0,NNG,*,T,감자칩,*,*,*,*
감자튀김,,,0,NNG,*,T,감자튀김,*,*,*,*
갑오징어,,,0,NNG,*,F,갑오징어,*,*,*,*
갓김치,,,0,NNG,*,F,갓김치,*,*,*,*
강황,,,0,NNG,*,T,강황,*,*,*,*
강황가루,,,0,NNG,*,F,강황가루,*,*,*,*
건면,,,0,NNG,*,T,건면,*,*,*,*
건오징어,,,0,NNG,*,F,건오징어,*,*,*,*
건포도,,,0,NNG,*,F,건포도,*,*,*,*
겉절이,,,0,NNG,*,F,겉절이,*,*,*,*
견과류,,,0,NNG,*,F,견과류,*,*,*,*
계란,,,0,NNG,*,T,계란,*,*,*,*
고구마,,,0,NNG,*,F,고구마,*,*,*,*
고구마칩,,,0,NNG,*,T,고구마칩,*,*,*,*
고다,,,0,NNG,*,F,고다,*,*,*,*
고다치즈,,,0,NNG,*,F,고다치즈,*,*,*,*
고등어,,,0,NNG,*,F,고등어,*,*,*,*
고사리,,,0,NNG,*,F,고사리,*,*,*,*
고수,,,0,NNG,*,F,고수,*,*,*,*
고추장,,,0,NNG,*,T,고추장,*,*,*,*
고춧가루,,,0,NNG,*,F,고춧가루,*,*,*,*
곡물차,,,0,NNG,*,F,곡물차,*,*,*,*
곶감,,,0,NNG,*,T,곶감,*,*,*,*
과메기,,,0,NNG,*,F,과메기,*,*,*,*
과실주,,,0,NNG,*,F,과실주,*,*,*,*
과일,,,0,NNG,*,T,과일,*,*,*,*
과일묶음,,,0,NNG,*,T,과일묶음,*,*,*,*
과일믹스,,,0,NNG,*,F,과일믹스,*,*,*,*
구미,,,0,NNG,*,F,구미,*,*,*,*
구운란,,,0,NNG,*,T,구운란,*,*,*,*
구워먹는,,,0,NNG,*,T,구워먹는,*,*,*,*
구워먹는치즈,,,0,NNG,*,F,구워먹는치즈,*,*,*,*
국간장,,,0,NNG,*,T,국간장,*,*,*,*
국물라면,,,0,NNG,*,T,국물라면,*,*,*,*
굴비,,,0,NNG,*,F,굴비,*,*,*,*
굴소스,,,0,NNG,*,F,굴소스,*,*,*,*
귀리,,,0,NNG,*,F,귀리,*,*,*,*
그라노,,,0,NNG,*,F,그라노,*,*,*,*
그라노파다노치즈,,,0,NNG,*,F,그라노파다노치즈,*,*,*,*
그랑크뤼,,,0,NNG,*,F,그랑크뤼,*,*,*,*
그래놀라,,,0,NNG,*,F,그래놀라,*,*,*,*
그릭요거트,,,0,NNG,*,F,그릭요거트,*,*,*,*
그린빈,,,0,NNG,*,T,그린빈,*,*,*,*
기름,,,0,NNG,*,T,기름,*,*,*,*
기타,,,0,NNG,*,F,기타,*,*,*,*
기타가루분말,,,0,NNG,*,T,기타가루분말,*,*,*,*
기타견과류,,,0,NNG,*,F,기타견과류,*,*,*,*
기타과일,,,0,NNG,*,T,기타과일,*,*,*,*
기타기름,,,0,NNG,*,T,기타기름,*,*,*,*
기타냉동과일,,,0,NNG,*,T,기타냉동과일,*,*,*,*
기타냉동식품,,,0,NNG,*,T,기타냉동식품,*,*,*,*
기타닭고기,,,0,NNG,*,F,기타닭고기,*,*,*,*
기타돼지고기,,,0,NNG,*,F,기타돼지고기,*,*,*,*
기타떡,,,0,NNG,*,T,기타떡,*,*,*,*
기타라면,,,0,NNG,*,T,기타라면,*,*,*,*
기타레트로트,,,0,NNG,*,F,기타레트로트,*,*,*,*
기타면류,,,0,NNG,*,F,기타면류,*,*,*,*
기타반찬류,,,0,NNG,*,F,기타반찬류,*,*,*,*
기타버섯,,,0,NNG,*,T,기타버섯,*,*,*,*
기타빵류,,,0,NNG,*,F,기타빵류,*,*,*,*
기타소고기,,,0,NNG,*,F,기타소고기,*,*,*,*
기타소스,,,0,NNG,*,F,기타소스,*,*,*,*
기타어육가공품,,,0,NNG,*,T,기타어육가공품,*,*,*,*
기타유음료,,,0,NNG,*,F,기타유음료,*,*,*,*
기타유지류,,,0,NNG,*,F,기타유지류,*,*,*,*
기타잡곡,,,0,NNG,*,T,기타잡곡,*,*,*,*
기타전통주,,,0,NNG,*,F,기타전통주,*,*,*,*
기타조개류,,,0,NNG,*,F,기타조개류,*,*,*,*
기타조미료,,,0,NNG,*,F,기타조미료,*,*,*,*
기타주류,,,0,NNG,*,F,기타주류,*,*,*,*
기타주스,,,0,NNG,*,F,기타주스,*,*,*,*
기타채소,,,0,NNG,*,F,기타채소,*,*,*,*
기타치즈,,,0,NNG,*,F,기타치즈,*,*,*,*
기타탄산음료,,,0,NNG,*,F,기타탄산음료,*,*,*,*
긴죠,,,0,NNG,*,F,긴죠,*,*,*,*
김밥,,,0,NNG,*,T,김밥,*,*,*,*
김밥김,,,0,NNG,*,T,김밥김,*,*,*,*
김부각,,,0,NNG,*,T,김부각,*,*,*,*
김자반,,,0,NNG,*,T,김자반,*,*,*,*
까망베르,,,0,NNG,*,F,까망베르,*,*,*,*
까망베르치즈,,,0,NNG,*,F,까망베르치즈,*,*,*,*
까베르네,,,0,NNG,*,F,까베르네,*,*,*,*
깍두기,,,0,NNG,*,F,깍두기,*,*,*,*
깜빠뉴,,,0,NNG,*,F,깜빠뉴,*,*,*,*
깻잎,,,0,NNG,*,T,깻잎,*,*,*,*
꼬냑,,,0,NNG,*,T,꼬냑,*,*,*,*
꽁치캔,,,0,NNG,*,T,꽁치캔,*,*,*,*
꽃게,,,0,NNG,*,F,꽃게,*,*,*,*
꿀떡,,,0,NNG,*,T,꿀떡,*,*,*,*
뀌베,,,0,NNG,*,F,뀌베,*,*,*,*
낙지,,,0,NNG,*,F,낙지,*,*,*,*
냉동,,,0,NNG,*,T,냉동,*,*,*,*
냉동감자튀김,,,0,NNG,*,T,냉동감자튀김,*,*,*,*
냉동과일,,,0,NNG,*,T,냉동과일,*,*,*,*
냉동과일믹스,,,0,NNG,*,F,냉동과일믹스,*,*,*,*
냉동돈까스,,,0,NNG,*,F,냉동돈까스,*,*,*,*
냉동딸기,,,0,NNG,*,F,냉동딸기,*,*,*,*
냉동만두,,,0,NNG,*,F,냉동만두,*,*,*,*
냉동망고,,,0,NNG,*,F,냉동망고,*,*,*,*
냉동바나나,,,0,NNG,*,F,냉동바나나,*,*,*,*
냉동볶음밥,,,0,NNG,*,T,냉동볶음밥,*,*,*,*
냉동블루베리,,,0,NNG,*,F,냉동블루베리,*,*,*,*
냉동식품,,,0,NNG,*,T,냉동식품,*,*,*,*
냉동아보카도,,,0,NNG,*,F,냉동아보카도,*,*,*,*
냉동치킨,,,0,NNG,*,T,냉동치킨,*,*,*,*
냉동탕수육,,,0,NNG,*,T,냉동탕수육,*,*,*,*
냉동튀김,,,0,NNG,*,T,냉동튀김,*,*,*,*
냉동피자,,,0,NNG,*,F,냉동피자,*,*,*,*
냉동핫도그,,,0,NNG,*,F,냉동핫도그,*,*,*,*
년산,,,0,NNG,*,T,년산,*,*,*,*
녹차,,,0,NNG,*,F,녹차,*,*,*,*
누룽지,,,0,NNG,*,F,누룽지,*,*,*,*
느타리버섯,,,0,NNG,*,T,느타리버섯,*,*,*,*
니고리,,,0,NNG,*,F,니고리,*,*,*,*
다시다,,,0,NNG,*,F,다시다,*,*,*,*
다시마,,,0,NNG,*,F,다시마,*,*,*,*
다이긴죠,,,0,NNG,*,F,다이긴죠,*,*,*,*
다진,,,0,NNG,*,T,다진,*,*,*,*
다진생강,,,0,NNG,*,T,다진생강,*,*,*,*
다짐육,,,0,NNG,*,T,다짐육,*,*,*,*
다크,,,0,NNG,*,F,다크,*,*,*,*
다크초콜릿,,,0,NNG,*,T,다크초콜릿,*,*,*,*
단무지,,,0,NNG,*,F,단무지,*,*,*,*
단팥빵,,,0,NNG,*,T,단팥빵,*,*,*,*
단호박,,,0,NNG,*,T,단호박,*,*,*,*
닭가슴살,,,0,NNG,*,T,닭가슴살,*,*,*,*
닭고기,,,0,NNG,*,F,닭고기,*,*,*,*
닭날개,,,0,NNG,*,F,닭날개,*,*,*,*
닭다리살,,,0,NNG,*,T,닭다리살,*,*,*,*
닭다짐육,,,0,NNG,*,T,닭다짐육,*,*,*,*
닭안심,,,0,NNG,*,T,닭안심,*,*,*,*
당근,,,0,NNG,*,T,당근,*,*,*,*
당면,,,0,NNG,*,T,당면,*,*,*,*
대추,,,0,NNG,*,F,대추,*,*,*,*
대파,,,0,NNG,*,F,대파,*,*,*,*
더덕,,,0,NNG,*,T,더덕,*,*,*,*
데킬라,,,0,NNG,*,F,데킬라,*,*,*,*
도넛,,,0,NNG,*,T,도넛,*,*,*,*
도멘,,,0,NNG,*,T,도멘,*,*,*,*
도시락,,,0,NNG,*,T,도시락,*,*,*,*
돈까스,,,0,NNG,*,F,돈까스,*,*,*,*
돈까스소스,,,0,NNG,*,F,돈까스소스,*,*,*,*
동치미,,,0,NNG,*,F,동치미,*,*,*,*
돼지,,,0,NNG,*,F,돼지,*,*,*,*
돼지갈비,,,0,NNG,*,F,돼지갈비,*,*,*,*
돼지고기,,,0,NNG,*,F,돼지고기,*,*,*,*
돼지고기묶음,,,0,NNG,*,T,돼지고기묶음,*,*,*,*
돼지등심,,,0,NNG,*,T,돼지등심,*,*,*,*
돼지안심,,,0,NNG,*,T,돼지안심,*,*,*,*
된장,,,0,NNG,*,T,된장,*,*,*,*
두부,,,0,NNG,*,F,두부,*,*,*,*
두유,,,0,NNG,*,F,두유,*,*,*,*
뒷다리살,,,0,NNG,*,T,뒷다리살,*,*,*,*
드립백,,,0,NNG,*,T,드립백,*,*,*,*
들기름,,,0,NNG,*,T,들기름,*,*,*,*
들깨가루,,,0,NNG,*,F,들깨가루,*,*,*,*
등갈비,,,0,NNG,*,F,등갈비,*,*,*,*
등심,,,0,NNG,*,T,등심,*,*,*,*
딸기,,,0,NNG,*,F,딸기,*,*,*,*
딸기잼,,,0,NNG,*,T,딸기잼,*,*,*,*
딸기주스,,,0,NNG,*,F,딸기주스,*,*,*,*
땅콩,,,0,NNG,*,T,땅콩,*,*,*,*
땅콩버터,,,0,NNG,*,F,땅콩버터,*,*,*,*
떡국떡,,,0,NNG,*,T,떡국떡,*,*,*,*
또띠아,,,0,NNG,*,F,또띠아,*,*,*,*
라거,,,0,NNG,*,F,라거,*,*,*,*
라면,,,0,NNG,*,T,라면,*,*,*,*
라면묶음,,,0,NNG,*,T,라면묶음,*,*,*,*
라이위스키,,,0,NNG,*,F,라이위스키,*,*,*,*
락토프리,,,0,NNG,*,F,락토프리,*,*,*,*
락토프리우유,,,0,NNG,*,F,락토프리우유,*,*,*,*
람브루스코,,,0,NNG,*,F,람브루스코,*,*,*,*
레드,,,0,NNG,*,F,레드,*,*,*,*
레드와인,,,0,NNG,*,T,레드와인,*,*,*,*
레드페퍼,,,0,NNG,*,F,레드페퍼,*,*,*,*
레몬,,,0,NNG,*,T,레몬,*,*,*,*
레트로트,,,0,NNG,*,F,레트로트,*,*,*,*
로제,,,0,NNG,*,F,로제,*,*,*,*
롤케이크,,,0,NNG,*,F,롤케이크,*,*,*,*
리저브,,,0,NNG,*,F,리저브,*,*,*,*
리저브와인,,,0,NNG,*,T,리저브와인,*,*,*,*
리제르바,,,0,NNG,*,F,리제르바,*,*,*,*
리즐링,,,0,NNG,*,T,리즐링,*,*,*,*
리코타,,,0,NNG,*,F,리코타,*,*,*,*
리코타치즈,,,0,NNG,*,F,리코타치즈,*,*,*,*
리큐르,,,0,NNG,*,F,리큐르,*,*,*,*
리큐어,,,0,NNG,*,F,리큐어,*,*,*,*
마가린,,,0,NNG,*,T,마가린,*,*,*,*
마늘,,,0,NNG,*,T,마늘,*,*,*,*
마들렌,,,0,NNG,*,T,마들렌,*,*,*,*
마리네이드,,,0,NNG,*,F,마리네이드,*,*,*,*
마스카포네,,,0,NNG,*,F,마스카포네,*,*,*,*
마스카포네치즈,,,0,NNG,*,F,마스카포네치즈,*,*,*,*
마요네즈,,,0,NNG,*,F,마요네즈,*,*,*,*
마카다미아,,,0,NNG,*,F,마카다미아,*,*,*,*
막걸리,,,0,NNG,*,F,막걸리,*,*,*,*
만두,,,0,NNG,*,F,만두,*,*,*,*
말벡,,,0,NNG,*,T,말벡,*,*,*,*
맛살,,,0,NNG,*,T,맛살,*,*,*,*
맛소금,,,0,NNG,*,T,맛소금,*,*,*,*
맛술,,,0,NNG,*,T,맛술,*,*,*,*
망고,,,0,NNG,*,F,망고,*,*,*,*
망고주스,,,0,NNG,*,F,망고주스,*,*,*,*
매생이,,,0,NNG,*,F,매생이,*,*,*,*
맥주,,,0,NNG,*,F,맥주,*,*,*,*
머스타드,,,0,NNG,*,F,머스타드,*,*,*,*
먹태,,,0,NNG,*,F,먹태,*,*,*,*
멍게,,,0,NNG,*,F,멍게,*,*,*,*
메를로,,,0,NNG,*,F,메를로,*,*,*,*
메밀면,,,0,NNG,*,T,메밀면,*,*,*,*
메이플시럽,,,0,NNG,*,T,메이플시럽,*,*,*,*
메추리알,,,0,NNG,*,T,메추리알,*,*,*,*
멜롯,,,0,NNG,*,T,멜롯,*,*,*,*
면류,,,0,NNG,*,F,면류,*,*,*,*
멸치,,,0,NNG,*,F,멸치,*,*,*,*
명란,,,0,NNG,*,T,명란,*,*,*,*
명란젓,,,0,NNG,*,T,명란젓,*,*,*,*
모닝빵,,,0,NNG,*,T,모닝빵,*,*,*,*
모스카토,,,0,NNG,*,F,모스카토,*,*,*,*
모시조개,,,0,NNG,*,F,모시조개,*,*,*,*
모짜렐라,,,0,NNG,*,F,모짜렐라,*,*,*,*
모짜렐라치즈,,,0,NNG,*,F,모짜렐라치즈,*,*,*,*
목살,,,0,NNG,*,T,목살,*,*,*,*
몰트,,,0,NNG,*,F,몰트,*,*,*,*
묶음,,,0,NNG,*,T,묶음,*,*,*,*
물엿,,,0,NNG,*,T,물엿,*,*,*,*
미숫가루,,,0,NNG,*,F,미숫가루,*,*,*,*
미역,,,0,NNG,*,T,미역,*,*,*,*
미원,,,0,NNG,*,T,미원,*,*,*,*
민어,,,0,NNG,*,F,민어,*,*,*,*
밀가루,,,0,NNG,*,F,밀가루,*,*,*,*
밀키트,,,0,NNG,*,F,밀키트,*,*,*,*
바게트,,,0,NNG,*,F,바게트,*,*,*,*
바나나,,,0,NNG,*,F,바나나,*,*,*,*
바이젠,,,0,NNG,*,T,바이젠,*,*,*,*
바지락,,,0,NNG,*,T,바지락,*,*,*,*
바질,,,0,NNG,*,T,바질,*,*,*,*
반건조,,,0,NNG,*,F,반건조,*,*,*,*
반건조민어,,,0,NNG,*,F,반건조민어,*,*,*,*
반숙란,,,0,NNG,*,T,반숙란,*,*,*,*
반찬류,,,0,NNG,*,F,반찬류,*,*,*,*
발사믹,,,0,NNG,*,T,발사믹,*,*,*,*
발사믹식초,,,0,NNG,*,F,발사믹식초,*,*,*,*
발효버터,,,0,NNG,*,F,발효버터,*,*,*,*
방울토마토,,,0,NNG,*,F,방울토마토,*,*,*,*
배럴,,,0,NNG,*,T,배럴,*,*,*,*
배추,,,0,NNG,*,F,배추,*,*,*,*
배추김치,,,0,NNG,*,F,배추김치,*,*,*,*
백김치,,,0,NNG,*,F,백김치,*,*,*,*
백설기,,,0,NNG,*,F,백설기,*,*,*,*
버번,,,0,NNG,*,T,버번,*,*,*,*
버섯,,,0,NNG,*,T,버섯,*,*,*,*
버터,,,0,NNG,*,F,버터,*,*,*,*
번데기,,,0,NNG,*,F,번데기,*,*,*,*
번데기통조림,,,0,NNG,*,T,번데기통조림,*,*,*,*
베이글,,,0,NNG,*,T,베이글,*,*,*,*
베이컨,,,0,NNG,*,T,베이컨,*,*,*,*
베이킹파우더,,,0,NNG,*,F,베이킹파우더,*,*,*,*
보드카,,,0,NNG,*,F,보드카,*,*,*,*
보리쌀,,,0,NNG,*,T,보리쌀,*,*,*,*
보리차,,,0,NNG,*,F,보리차,*,*,*,*
복분자주,,,0,NNG,*,F,복분자주,*,*,*,*
볶음밥,,,0,NNG,*,T,볶음밥,*,*,*,*
본죽,,,0,NNG,*,T,본죽,*,*,*,*
봉골레,,,0,NNG,*,F,봉골레,*,*,*,*
봉지라면,,,0,NNG,*,T,봉지라면,*,*,*,*
부라타,,,0,NNG,*,F,부라타,*,*,*,*
부라타치즈,,,0,NNG,*,F,부라타치즈,*,*,*,*
부채살,,,0,NNG,*,T,부채살,*,*,*,*
부추,,,0,NNG,*,F,부추,*,*,*,*
부침가루,,,0,NNG,*,F,부침가루,*,*,*,*
불고기,,,0,NNG,*,F,불고기,*,*,*,*
브랜디,,,0,NNG,*,F,브랜디,*,*,*,*
브로콜리,,,0,NNG,*,F,브로콜리,*,*,*,*
브뤼,,,0,NNG,*,F,브뤼,*,*,*,*
브륏,,,0,NNG,*,T,브륏,*,*,*,*
브리,,,0,NNG,*,F,브리,*,*,*,*
브리치즈,,,0,NNG,*,F,브리치즈,*,*,*,*
블랑,,,0,NNG,*,T,블랑,*,*,*,*
블렌디드,,,0,NNG,*,F,블렌디드,*,*,*,*
블루,,,0,NNG,*,F,블루,*,*,*,*
블루베리,,,0,NNG,*,F,블루베리,*,*,*,*
블루베리잼,,,0,NNG,*,T,블루베리잼,*,*,*,*
블루치즈,,,0,NNG,*,F,블루치즈,*,*,*,*
비빔라면,,,0,NNG,*,T,비빔라면,*,*,*,*
비스킷,,,0,NNG,*,T,비스킷,*,*,*,*
비엔나,,,0,NNG,*,F,비엔나,*,*,*,*
비엔나소세지,,,0,NNG,*,F,비엔나소세지,*,*,*,*
비트,,,0,NNG,*,F,비트,*,*,*,*
빈티지,,,0,NNG,*,F,빈티지,*,*,*,*
빵가루,,,0,NNG,*,F,빵가루,*,*,*,*
빵류,,,0,NNG,*,F,빵류,*,*,*,*
사과,,,0,NNG,*,F,사과,*,*,*,*
사과식초,,,0,NNG,*,F,사과식초,*,*,*,*
사과잼,,,0,NNG,*,T,사과잼,*,*,*,*
사과주스,,,0,NNG,*,F,사과주스,*,*,*,*
사이다,,,0,NNG,*,F,사이다,*,*,*,*
사케,,,0,NNG,*,F,사케,*,*,*,*
산지오베제,,,0,NNG,*,F,산지오베제,*,*,*,*
살라미,,,0,NNG,*,F,살라미,*,*,*,*
살치살,,,0,NNG,*,T,살치살,*,*,*,*
삼겹살,,,0,NNG,*,T,삼겹살,*,*,*,*
상추,,,0,NNG,*,F,상추,*,*,*,*
새송이버섯,,,0,NNG,*,T,새송이버섯,*,*,*,*
새우,,,0,NNG,*,F,새우,*,*,*,*
새우젓,,,0,NNG,*,T,새우젓,*,*,*,*
샌드위치,,,0,NNG,*,F,샌드위치,*,*,*,*
샐러드,,,0,NNG,*,F,샐러드,*,*,*,*
생강,,,0,NNG,*,T,생강,*,*,*,*
생닭,,,0,NNG,*,T,생닭,*,*,*,*
생면,,,0,NNG,*,T,생면,*,*,*,*
생수,,,0,NNG,*,F,생수,*,*,*,*
생오리고기,,,0,NNG,*,F,생오리고기,*,*,*,*
생크림,,,0,NNG,*,T,생크림,*,*,*,*
생햄,,,0,NNG,*,T,생햄,*,*,*,*
샤도네이,,,0,NNG,*,F,샤도네이,*,*,*,*
샤또,,,0,NNG,*,F,샤또,*,*,*,*
샤르도네,,,0,NNG,*,F,샤르도네,*,*,*,*
샤인머스켓,,,0,NNG,*,T,샤인머스켓,*,*,*,*
샤토,,,0,NNG,*,F,샤토,*,*,*,*
샴페인,,,0,NNG,*,T,샴페인,*,*,*,*
설탕,,,0,NNG,*,T,설탕,*,*,*,*
세트지,,,0,NNG,*,F,세트지,*,*,*,*
소고기,,,0,NNG,*,F,소고기,*,*,*,*
소고기묶음,,,0,NNG,*,T,소고기묶음,*,*,*,*
소금,,,0,NNG,*,T,소금,*,*,*,*
소금빵,,,0,NNG,*,T,소금빵,*,*,*,*
소다짐육,,,0,NNG,*,T,소다짐육,*,*,*,*
소등심,,,0,NNG,*,T,소등심,*,*,*,*
소면,,,0,NNG,*,T,소면,*,*,*,*
소비뇽,,,0,NNG,*,T,소비뇽,*,*,*,*
소비뇽블랑,,,0,NNG,*,T,소비뇽블랑,*,*,*,*
소세지,,,0,NNG,*,F,소세지,*,*,*,*
소스,,,0,NNG,*,F,소스,*,*,*,*
소안심,,,0,NNG,*,T,소안심,*,*,*,*
소주,,,0,NNG,*,F,소주,*,*,*,*
송이버섯,,,0,NNG,*,T,송이버섯,*,*,*,*
수박,,,0,NNG,*,T,수박,*,*,*,*
수제비,,,0,NNG,*,F,수제비,*,*,*,*
숙성,,,0,NNG,*,T,숙성,*,*,*,*
숙주,,,0,NNG,*,F,숙주,*,*,*,*
쉐리캐스크,,,0,NNG,*,F,쉐리캐스크,*,*,*,*
쉬라즈,,,0,NNG,*,F,쉬라즈,*,*,*,*
슈가파우더,,,0,NNG,*,F,슈가파우더,*,*,*,*
스낵,,,0,NNG,*,T,스낵,*,*,*,*
스낵바,,,0,NNG,*,F,스낵바,*,*,*,*
스리라차,,,0,NNG,*,F,스리라차,*,*,*,*
스카치,,,0,NNG,*,F,스카치,*,*,*,*
스콘,,,0,NNG,*,T,스콘,*,*,*,*
스타우트,,,0,NNG,*,F,스타우트,*,*,*,*
스테비아,,,0,NNG,*,F,스테비아,*,*,*,*
스트링,,,0,NNG,*,T,스트링,*,*,*,*
스트링치즈,,,0,NNG,*,F,스트링치즈,*,*,*,*
스파클링,,,0,NNG,*,T,스파클링,*,*,*,*
스파클링와인,,,0,NNG,*,T,스파클링와인,*,*,*,*
스팸,,,0,NNG,*,T,스팸,*,*,*,*
시금치,,,0,NNG,*,F,시금치,*,*,*,*
시라,,,0,NNG,*,F,시라,*,*,*,*
시루떡,,,0,NNG,*,T,시루떡,*,*,*,*
시리얼,,,0,NNG,*,T,시리얼,*,*,*,*
식물성,,,0,NNG,*,T,식물성,*,*,*,*
식물성음료,,,0,NNG,*,F,식물성음료,*,*,*,*
식빵,,,0,NNG,*,T,식빵,*,*,*,*
식초,,,0,NNG,*,F,식초,*,*,*,*
싱글몰트,,,0,NNG,*,F,싱글몰트,*,*,*,*
싱글배럴,,,0,NNG,*,T,싱글배럴,*,*,*,*
쌀가루,,,0,NNG,*,F,쌀가루,*,*,*,*
쌀국수,,,0,NNG,*,F,쌀국수,*,*,*,*
쌀국수면,,,0,NNG,*,T,쌀국수면,*,*,*,*
쌀봉지,,,0,NNG,*,F,쌀봉지,*,*,*,*
쌈장,,,0,NNG,*,T,쌈장,*,*,*,*
아몬드,,,0,NNG,*,F,아몬드,*,*,*,*
아몬드가루,,,0,NNG,*,F,아몬드가루,*,*,*,*
아보카도,,,0,NNG,*,F,아보카도,*,*,*,*
아보카도오일,,,0,NNG,*,T,아보카도오일,*,*,*,*
아이스크림,,,0,NNG,*,T,아이스크림,*,*,*,*
아일라,,,0,NNG,*,F,아일라,*,*,*,*
아페리티프,,,0,NNG,*,F,아페리티프,*,*,*,*
안심,,,0,NNG,*,T,안심,*,*,*,*
앞다리살,,,0,NNG,*,T,앞다리살,*,*,*,*
애호박,,,0,NNG,*,T,애호박,*,*,*,*
액젓,,,0,NNG,*,T,액젓,*,*,*,*
약과,,,0,NNG,*,F,약과,*,*,*,*
약주,,,0,NNG,*,F,약주,*,*,*,*
양갈비,,,0,NNG,*,F,양갈비,*,*,*,*
양갱,,,0,NNG,*,T,양갱,*,*,*,*
양꼬치,,,0,NNG,*,F,양꼬치,*,*,*,*
양배추,,,0,NNG,*,F,양배추,*,*,*,*
양상추,,,0,NNG,*,F,양상추,*,*,*,*
양송이버섯,,,0,NNG,*,T,양송이버섯,*,*,*,*
양지,,,0,NNG,*,F,양지,*,*,*,*
양파,,,0,NNG,*,F,양파,*,*,*,*
어묵,,,0,NNG,*,T,어묵,*,*,*,*
어묵바,,,0,NNG,*,F,어묵바,*,*,*,*
어육가공품,,,0,NNG,*,T,어육가공품,*,*,*,*
에멘탈,,,0,NNG,*,T,에멘탈,*,*,*,*
에멘탈치즈,,,0,NNG,*,F,에멘탈치즈,*,*,*,*
에일,,,0,NNG,*,T,에일,*,*,*,*
연근,,,0,NNG,*,T,연근,*,*,*,*
연두부,,,0,NNG,*,F,연두부,*,*,*,*
연어,,,0,NNG,*,F,연어,*,*,*,*
연어회,,,0,NNG,*,F,연어회,*,*,*,*
연유,,,0,NNG,*,F,연유,*,*,*,*
열무김치,,,0,NNG,*,F,열무김치,*,*,*,*
오겹살,,,0,NNG,*,T,오겹살,*,*,*,*
오레가노,,,0,NNG,*,F,오레가노,*,*,*,*
오렌지,,,0,NNG,*,F,오렌지,*,*,*,*
오렌지주스,,,0,NNG,*,F,오렌지주스,*,*,*,*
오리,,,0,NNG,*,F,오리,*,*,*,*
오리가슴살,,,0,NNG,*,T,오리가슴살,*,*,*,*
오리고기,,,0,NNG,*,F,오리고기,*,*,*,*
오이,,,0,NNG,*,F,오이,*,*,*,*
오이고추,,,0,NNG,*,F,오이고추,*,*,*,*
오이소박이,,,0,NNG,*,F,오이소박이,*,*,*,*
오일,,,0,NNG,*,T,오일,*,*,*,*
오징어,,,0,NNG,*,F,오징어,*,*,*,*
오징어젓,,,0,NNG,*,T,오징어젓,*,*,*,*
옥수수,,,0,NNG,*,F,옥수수,*,*,*,*
옥수수전분,,,0,NNG,*,T,옥수수전분,*,*,*,*
옥수수칩,,,0,NNG,*,T,옥수수칩,*,*,*,*
옥수수캔,,,0,NNG,*,T,옥수수캔,*,*,*,*
올리고당,,,0,NNG,*,T,올리고당,*,*,*,*
올리브오일,,,0,NNG,*,T,올리브오일,*,*,*,*
와사비,,,0,NNG,*,F,와사비,*,*,*,*
와인,,,0,NNG,*,T,와인,*,*,*,*
와플,,,0,NNG,*,T,와플,*,*,*,*
요거트,,,0,NNG,*,F,요거트,*,*,*,*
요구르트,,,0,NNG,*,F,요구르트,*,*,*,*
우동면,,,0,NNG,*,T,우동면,*,*,*,*
우둔살,,,0,NNG,*,T,우둔살,*,*,*,*
우메슈,,,0,NNG,*,F,우메슈,*,*,*,*
우엉,,,0,NNG,*,T,우엉,*,*,*,*
우유,,,0,NNG,*,F,우유,*,*,*,*
원두,,,0,NNG,*,F,원두,*,*,*,*
월계수잎,,,0,NNG,*,T,월계수잎,*,*,*,*
웨하스,,,0,NNG,*,F,웨하스,*,*,*,*
위스키,,,0,NNG,*,F,위스키,*,*,*,*
유부,,,0,NNG,*,F,유부,*,*,*,*
유음료,,,0,NNG,*,F,유음료,*,*,*,*
유자차,,,0,NNG,*,F,유자차,*,*,*,*
유지류,,,0,NNG,*,F,유지류,*,*,*,*
육수,,,0,NNG,*,F,육수,*,*,*,*
육포,,,0,NNG,*,F,육포,*,*,*,*
율무,,,0,NNG,*,F,율무,*,*,*,*
음료,,,0,NNG,*,F,음료,*,*,*,*
이스트,,,0,NNG,*,F,이스트,*,*,*,*
이온음료,,,0,NNG,*,F,이온음료,*,*,*,*
인절미,,,0,NNG,*,F,인절미,*,*,*,*
입욕,,,0,NNG,*,T,입욕,*,*,*,*
잡곡,,,0,NNG,*,T,잡곡,*,*,*,*
장아찌,,,0,NNG,*,F,장아찌,*,*,*,*
장조림,,,0,NNG,*,T,장조림,*,*,*,*
저지방,,,0,NNG,*,T,저지방,*,*,*,*
저지방우유,,,0,NNG,*,F,저지방우유,*,*,*,*
전복,,,0,NNG,*,T,전복,*,*,*,*
전통주,,,0,NNG,*,F,전통주,*,*,*,*
절편,,,0,NNG,*,T,절편,*,*,*,*
젓갈,,,0,NNG,*,T,젓갈,*,*,*,*
정과,,,0,NNG,*,F,정과,*,*,*,*
젤리,,,0,NNG,*,F,젤리,*,*,*,*
조개류,,,0,NNG,*,F,조개류,*,*,*,*
조랭이떡,,,0,NNG,*,T,조랭이떡,*,*,*,*
조미료,,,0,NNG,*,F,조미료,*,*,*,*
조청,,,0,NNG,*,T,조청,*,*,*,*
주류,,,0,NNG,*,F,주류,*,*,*,*
주먹밥,,,0,NNG,*,T,주먹밥,*,*,*,*
주스,,,0,NNG,*,F,주스,*,*,*,*
준마이,,,0,NNG,*,F,준마이,*,*,*,*
쥰마이,,,0,NNG,*,F,쥰마이,*,*,*,*
즉석,,,0,NNG,*,T,즉석,*,*,*,*
즉석김밥,,,0,NNG,*,T,즉석김밥,*,*,*,*
즉석도시락,,,0,NNG,*,T,즉석도시락,*,*,*,*
즉석밥,,,0,NNG,*,T,즉석밥,*,*,*,*
즉석볶음밥,,,0,NNG,*,T,즉석볶음밥,*,*,*,*
즉석주먹밥,,,0,NNG,*,T,즉석주먹밥,*,*,*,*
즉석죽,,,0,NNG,*,T,즉석죽,*,*,*,*
즉석컵밥,,,0,NNG,*,T,즉석컵밥,*,*,*,*
증류식,,,0,NNG,*,T,증류식,*,*,*,*
진간장,,,0,NNG,*,T,진간장,*,*,*,*
진미채,,,0,NNG,*,F,진미채,*,*,*,*
진저에일,,,0,NNG,*,T,진저에일,*,*,*,*
짜장라면,,,0,NNG,*,T,짜장라면,*,*,*,*
짬뽕라면,,,0,NNG,*,T,짬뽕라면,*,*,*,*
차돌박이,,,0,NNG,*,F,차돌박이,*,*,*,*
참기름,,,0,NNG,*,T,참기름,*,*,*,*
참치캔,,,0,NNG,*,T,참치캔,*,*,*,*
찹쌀,,,0,NNG,*,T,찹쌀,*,*,*,*
찹쌀가루,,,0,NNG,*,F,찹쌀가루,*,*,*,*
찹쌀떡,,,0,NNG,*,T,찹쌀떡,*,*,*,*
창난젓,,,0,NNG,*,T,창난젓,*,*,*,*
채끝,,,0,NNG,*,T,채끝,*,*,*,*
채소,,,0,NNG,*,F,채소,*,*,*,*
척아이롤,,,0,NNG,*,T,척아이롤,*,*,*,*
청경채,,,0,NNG,*,F,청경채,*,*,*,*
청국장,,,0,NNG,*,T,청국장,*,*,*,*
청양고추,,,0,NNG,*,F,청양고추,*,*,*,*
청주,,,0,NNG,*,F,청주,*,*,*,*
체다,,,0,NNG,*,F,체다,*,*,*,*
체다치즈,,,0,NNG,*,F,체다치즈,*,*,*,*
초고추장,,,0,NNG,*,T,초고추장,*,*,*,*
초콜릿,,,0,NNG,*,T,초콜릿,*,*,*,*
총각김치,,,0,NNG,*,F,총각김치,*,*,*,*
치아바타,,,0,NNG,*,F,치아바타,*,*,*,*
치즈,,,0,NNG,*,F,치즈,*,*,*,*
치즈케이크,,,0,NNG,*,F,치즈케이크,*,*,*,*
치킨,,,0,NNG,*,T,치킨,*,*,*,*
카놀라유,,,0,NNG,*,F,카놀라유,*,*,*,*
카라멜,,,0,NNG,*,T,카라멜,*,*,*,*
카레가루,,,0,NNG,*,F,카레가루,*,*,*,*
카버네,,,0,NNG,*,F,카버네,*,*,*,*
카베르네,,,0,NNG,*,F,카베르네,*,*,*,*
카스텔라,,,0,NNG,*,F,카스텔라,*,*,*,*
칵테일,,,0,NNG,*,T,칵테일,*,*,*,*
캐비아,,,0,NNG,*,F,캐비아,*,*,*,*
캐스크,,,0,NNG,*,F,캐스크,*,*,*,*
캔커피,,,0,NNG,*,F,캔커피,*,*,*,*
커피,,,0,NNG,*,F,커피,*,*,*,*
커피믹스,,,0,NNG,*,F,커피믹스,*,*,*,*
커피캡슐,,,0,NNG,*,T,커피캡슐,*,*,*,*
컵밥,,,0,NNG,*,T,컵밥,*,*,*,*
케이크,,,0,NNG,*,F,케이크,*,*,*,*
케첩,,,0,NNG,*,T,케첩,*,*,*,*
코냑,,,0,NNG,*,T,코냑,*,*,*,*
코코넛,,,0,NNG,*,T,코코넛,*,*,*,*
코코넛오일,,,0,NNG,*,T,코코넛오일,*,*,*,*
콘플레이크,,,0,NNG,*,F,콘플레이크,*,*,*,*
콜드브루,,,0,NNG,*,F,콜드브루,*,*,*,*
콜라,,,0,NNG,*,F,콜라,*,*,*,*
콜리플라워,,,0,NNG,*,F,콜리플라워,*,*,*,*
콩나물,,,0,NNG,*,T,콩나물,*,*,*,*
쿠베,,,0,NNG,*,F,쿠베,*,*,*,*
쿠키,,,0,NNG,*,F,쿠키,*,*,*,*
크래커,,,0,NNG,*,F,크래커,*,*,*,*
크루아상,,,0,NNG,*,T,크루아상,*,*,*,*
크림치즈,,,0,NNG,*,F,크림치즈,*,*,*,*
키위,,,0,NNG,*,F,키위,*,*,*,*
타르트,,,0,NNG,*,F,타르트,*,*,*,*
탁주,,,0,NNG,*,F,탁주,*,*,*,*
탄산수,,,0,NNG,*,F,탄산수,*,*,*,*
탄산음료,,,0,NNG,*,F,탄산음료,*,*,*,*
탕수육,,,0,NNG,*,T,탕수육,*,*,*,*
테네시,,,0,NNG,*,F,테네시,*,*,*,*
테킬라,,,0,NNG,*,F,테킬라,*,*,*,*
템프라니요,,,0,NNG,*,F,템프라니요,*,*,*,*
토마토,,,0,NNG,*,F,토마토,*,*,*,*
토마토페이스트,,,0,NNG,*,F,토마토페이스트,*,*,*,*
토스트,,,0,NNG,*,F,토스트,*,*,*,*
통조림,,,0,NNG,*,T,통조림,*,*,*,*
통후추,,,0,NNG,*,F,통후추,*,*,*,*
튀김,,,0,NNG,*,T,튀김,*,*,*,*
티백,,,0,NNG,*,T,티백,*,*,*,*
파김치,,,0,NNG,*,F,파김치,*,*,*,*
파다노,,,0,NNG,*,F,파다노,*,*,*,*
파마산,,,0,NNG,*,T,파마산,*,*,*,*
파마산치즈,,,0,NNG,*,F,파마산치즈,*,*,*,*
파스타,,,0,NNG,*,F,파스타,*,*,*,*
파스타면,,,0,NNG,*,T,파스타면,*,*,*,*
파스타소스,,,0,NNG,*,F,파스타소스,*,*,*,*
파슬리,,,0,NNG,*,F,파슬리,*,*,*,*
파우더,,,0,NNG,*,F,파우더,*,*,*,*
파이,,,0,NNG,*,F,파이,*,*,*,*
파이류,,,0,NNG,*,F,파이류,*,*,*,*
파인애플,,,0,NNG,*,T,파인애플,*,*,*,*
파파야,,,0,NNG,*,F,파파야,*,*,*,*
파프리카,,,0,NNG,*,F,파프리카,*,*,*,*
파프리카파우더,,,0,NNG,*,F,파프리카파우더,*,*,*,*
팝콘,,,0,NNG,*,T,팝콘,*,*,*,*
패티,,,0,NNG,*,F,패티,*,*,*,*
팽이버섯,,,0,NNG,*,T,팽이버섯,*,*,*,*
페스토,,,0,NNG,*,F,페스토,*,*,*,*
페이스트,,,0,NNG,*,F,페이스트,*,*,*,*
페일에일,,,0,NNG,*,T,페일에일,*,*,*,*
페타,,,0,NNG,*,F,페타,*,*,*,*
페타치즈,,,0,NNG,*,F,페타치즈,*,*,*,*
포기김치,,,0,NNG,*,F,포기김치,*,*,*,*
포도,,,0,NNG,*,F,포도,*,*,*,*
포도씨유,,,0,NNG,*,F,포도씨유,*,*,*,*
포도주스,,,0,NNG,*,F,포도주스,*,*,*,*
포두부,,,0,NNG,*,F,포두부,*,*,*,*
포케,,,0,NNG,*,F,포케,*,*,*,*
표고버섯,,,0,NNG,*,T,표고버섯,*,*,*,*
푸딩,,,0,NNG,*,T,푸딩,*,*,*,*
프렌치랙,,,0,NNG,*,T,프렌치랙,*,*,*,*
피노,,,0,NNG,*,F,피노,*,*,*,*
피노누아,,,0,NNG,*,F,피노누아,*,*,*,*
피쉬볼,,,0,NNG,*,T,피쉬볼,*,*,*,*
피스타치오,,,0,NNG,*,F,피스타치오,*,*,*,*
피자,,,0,NNG,*,F,피자,*,*,*,*
피클,,,0,NNG,*,T,피클,*,*,*,*
피트,,,0,NNG,*,F,피트,*,*,*,*
필스너,,,0,NNG,*,F,필스너,*,*,*,*
하이랜드,,,0,NNG,*,F,하이랜드,*,*,*,*
하이볼,,,0,NNG,*,T,하이볼,*,*,*,*
한치,,,0,NNG,*,F,한치,*,*,*,*
핫도그,,,0,NNG,*,F,핫도그,*,*,*,*
핫바,,,0,NNG,*,F,핫바,*,*,*,*
항정살,,,0,NNG,*,T,항정살,*,*,*,*
해바라기씨,,,0,NNG,*,F,해바라기씨,*,*,*,*
해삼,,,0,NNG,*,T,해삼,*,*,*,*
허브차,,,0,NNG,*,F,허브차,*,*,*,*
현미,,,0,NNG,*,F,현미,*,*,*,*
현미유,,,0,NNG,*,F,현미유,*,*,*,*
호두,,,0,NNG,*,F,호두,*,*,*,*
호밀빵,,,0,NNG,*,T,호밀빵,*,*,*,*
호빵,,,0,NNG,*,T,호빵,*,*,*,*
혼조조,,,0,NNG,*,F,혼조조,*,*,*,*
혼죠조,,,0,NNG,*,F,혼죠조,*,*,*,*
혼합과채주스,,,0,NNG,*,F,혼합과채주스,*,*,*,*
홍두깨살,,,0,NNG,*,T,홍두깨살,*,*,*,*
홍어,,,0,NNG,*,F,홍어,*,*,*,*
홍어회,,,0,NNG,*,F,홍어회,*,*,*,*
홍차,,,0,NNG,*,F,홍차,*,*,*,*
홍합,,,0,NNG,*,T,홍합,*,*,*,*
화이트,,,0,NNG,*,F,화이트,*,*,*,*
화이트와인,,,0,NNG,*,T,화이트와인,*,*,*,*
황태,,,0,NNG,*,F,황태,*,*,*,*
회묶음,,,0,NNG,*,T,회묶음,*,*,*,*
후리카케,,,0,NNG,*,F,후리카케,*,*,*,*
후무스,,,0,NNG,*,F,후무스,*,*,*,*
후추,,,0,NNG,*,F,후추,*,*,*,*
훈제연어,,,0,NNG,*,F,훈제연어,*,*,*,*
훈제오리,,,0,NNG,*,F,훈제오리,*,*,*,*
휘낭시에,,,0,NNG,*,F,휘낭시에,*,*,*,*
흑설탕,,,0,NNG,*,T,흑설탕,*,*,*,*
