product_name,category_large,category_medium,item_type,grocery_item_name,brand_name
[마이너피겨스] 유기농 오트음료,음료,주스,BEVERAGE,오트음료,마이너피겨스
[마이셰프] 찹스테이크,간편식,밀키트,RTC_MEAL,찹스테이크,마이셰프
[건강한우리집비옴] 생 아몬드 분말,조미료,가루분말,SAUCE_SEASONING,아몬드 분말,건강한우리집비옴
[김구원선생] 매일 마시는 국산 콩물,채소/곡물류,콩/두부,SIMPLE_PROCESSED,콩물,김구원선생
스코티시 리더 슈프림,술,기타 주류,ALCOHOL,위스키,스코티시
스프링시드 쉬라즈,술,와인,ALCOHOL,레드 와인,스프링시드
[KF365] 닭가슴살 샤브샤브 돌돌말이 (냉동),육류/계란,닭고기,RAW_MEAT,냉동 닭가슴살,KF365
[RARE : 레어] 1++ 한우 차돌박이 슬라이스,육류/계란,소고기,RAW_MEAT,차돌박이,RARE : 레어
[램테이블] 호주산 프렌치랙,육류/계란,기타,UNKNOWN,프렌치랙,램테이블
[건어물상회] 국물용멸치,수산물,멸치/건어물,DRIED_SEAFOOD,멸치,건어물상회
[krikri 크리크리] 그리스 그릭 요거트,유제품,요거트,DAIRY,요거트,krikri 크리크리
[KF365] 1+등급 무항생제 백색 특란,육류/계란,계란,RAW_MEAT,계란,KF365
[기장물산] 간편한끼 한봉씩 기장미역,수산물,미역/다시마,DRIED_SEAFOOD,미역,기장물산
[뉴트리코어] 포스파티딜세린,채소/곡물류,채소,RAW_PRODUCE,포스파티딜세린,뉴트리코어
[고메] 바삭탱글한 칠리새우,간편식,냉동식품,FROZEN_MEAL,칠리새우,고메
[라메르풀라르] 틴케이스 프랑스 전통 쿠키,간식류,과자/스낵,SNACK,쿠키,라메르풀라르
[나무사이로] 하우스 블렌드 드립백,음료,커피/차,BEVERAGE,커피백,나무사이로
[GRN] 분홍이 슬림밸런스&비오틴,기타,기타,UNKNOWN,슬림밸런스&비오틴,GRN
[Kim's butcher] 미국산 초이스 찜갈비 (냉동),간편식,냉동식품,FROZEN_MEAL,냉동 갈비,Kim's butcher
아멜&샤를피노,술,와인,ALCOHOL,레드와인,아멜
카라쿠치골드,술,기타 주류,ALCOHOL,청주,카라쿠치
[로아커] 미니스 디스펜서 나폴리타너,간식류,과자/스낵,SNACK,미니스 디스펜서 나폴리타너,로아커
행복한콩 국산콩 두부 부침용,채소/곡물류,콩/두부,SIMPLE_PROCESSED,두부,행복한콩
[디핀] 단호박 크림 뇨끼,간편식,냉동식품,FROZEN_MEAL,뇨끼,디핀
[대흥] 다이버가 채취한 자연산 해삼,수산물,조개/전복,RAW_SEAFOOD,해삼,대흥
[맥케인] 케이준 후라이,간편식,냉동식품,FROZEN_MEAL,감자튀김,맥케인
[맑은농장] 기운내요 쌍화차,음료,커피/차,BEVERAGE,쌍화차,맑은농장
글랜카담15년,술,기타 주류,ALCOHOL,위스키,글랜카담
[롯데] 키스틱 소시지,육류/계란,가공육(햄/소시지),PROCESSED_MEAT,소시지,롯데
프레스코발디 토스카나,술,와인,ALCOHOL,프레스코발디 토스카나,프레스코발디
1865 마스터 블랜드,술,와인,ALCOHOL,1865 마스터 블랜드,1865
[더오담] 가마솥 누룽지,기타,기타,UNKNOWN,누룽지,더오담
[도리깨침] 열무김치,간편식,반찬류,SIMPLE_PROCESSED,열무김치,도리깨침
[마이시톨] 나의 이노시톨 마이시톨,기타,기타,UNKNOWN,마이시톨,마이시톨
비네티 델 살렌토 졸라 네그로 아마로 (와인),술,와인,ALCOHOL,레드 와인,네그로 아마로
[레미레미] 땅콩버터 미니팩,유제품,버터/생크림,DAIRY,미니팩,레미레미
[글루어트] 애플사이다비니거,조미료,양념/소스,SAUCE_SEASONING,애플사이다비니거,글루어트
[둥구나무] 특선 채소 영양찜,간편식,레트로트,RTC_MEAL,채소 영양찜,둥구나무
[델리치오] 호주산 목초육 안심 구이용,육류/계란,소고기,RAW_MEAT,안심,델리치오
[데르뜨] 떠먹는 젤리 오렌지,간식류,디저트/케이크,BAKERY,오렌지 젤리,데르뜨
글렌 모렌지 18년 디 인피니타,술,기타 주류,ALCOHOL,위스키,글렌
[La bocca] 부쉬드노엘 (그린),간식류,디저트/케이크,BAKERY,부쉬드노엘,La bocca
[YOZM] 그릭요거트 초코소보로 그래놀라,유제품,요거트,DAIRY,그래놀라,YOZM
[광천김] 바삭바삭 미니 김가루,상온식품,김/자반,DRIED_SEAFOOD,김가루,광천김
[근대골목단팥빵] 쑥아빵,간식류,빵류,BAKERY,쑥아빵,근대골목단팥빵
스톨리치나야 솔티드 카라맬,술,기타 주류,ALCOHOL,보드카,스톨리치나야
[김구원선생] 콩나물국 키트,간편식,레트로트,RTC_MEAL,콩나물국 키트,김구원선생
[동원] 구운 김밥김,상온식품,김/자반,DRIED_SEAFOOD,김밥김,동원
[매일] 허쉬 초콜릿 드링크 딸기,음료,주스,BEVERAGE,허쉬 초콜릿 드링크 딸기,매일
[KF365] 파프리카,채소/곡물류,채소,RAW_PRODUCE,파프리카,KF365
[근대골목단팥빵] 미니 맘모스빵,간식류,빵류,BAKERY,맘모스빵,근대골목단팥빵
넘버3런던드라이진,술,기타 주류,ALCOHOL,진,넘버
헤이먼스올드톰진,술,기타 주류,ALCOHOL,진,헤이먼스
클라로스쿠로말벡,술,와인,ALCOHOL,레드 와인,클라로스쿠로
벨로틴피넛버터초콜렛,간식류,초콜릿/사탕,SNACK,벨로틴피넛버터초콜렛,벨로틴
판티니 에디찌오네,술,와인,ALCOHOL,레드 와인,판티니
[누테이블] 소고기 메추리알 장조림,간편식,반찬류,SIMPLE_PROCESSED,메추리알 장조림,누테이블
[맛의명태자] 구워먹는 명란 (냉동),간편식,냉동식품,FROZEN_MEAL,냉동 명란,맛의명태자
[KF365] 간편한 손질오징어 (냉동),수산물,오징어/문어,RAW_SEAFOOD,오징어,KF365
[노포기행]포천식 양념 소 불갈비,육류/계란,가공육(햄/소시지),PROCESSED_MEAT,양념 소갈비,노포기행
아스코니 솔 네그루 까베르네 소비뇽,술,와인,ALCOHOL,레드 와인,까베르네 소비뇽
타이거오리지널,술,맥주,ALCOHOL,,타이거
[니아르] 가르시니아 블루베리맛,기타,기타,UNKNOWN,다이어트캔디,니아르
[군산 이성당] 미니 쌀크루아상,간식류,빵류,BAKERY,쌀크루아상,군산 이성당
[Kurly's] 샌드위치용 달걀감자 샐러드,간편식,샐러드팩,RTC_MEAL,감자 샐러드,Kurly's
[대천김] 프리미엄 곱창 전장김,상온식품,김/자반,DRIED_SEAFOOD,곱창김,대천김
[농협] 우리쌀 통가래떡,간식류,떡,SNACK,통가래떡,농협
[Kurly's] 감칠맛 볶음김치,간편식,반찬류,SIMPLE_PROCESSED,볶음김치,Kurly's
[그래인스 쿠키] 애플시나몬 쿠키,간식류,과자/스낵,SNACK,애플 시나몬 쿠키,그래인스 쿠키
[기네스0.0] 논알콜 음료,술,맥주,ALCOHOL,,기네스
폰타나프레다 브라케토다뀌,술,와인,ALCOHOL,스파클링 와인,브라케토
[도나스데이] 깨찰슈,간식류,빵류,BAKERY,깨찰슈,도나스데이
골든블랑4스타 로제,술,와인,ALCOHOL,스파클링 와인,피노 누아
[마요라] 코피코 커피캔디 지퍼백,간식류,초콜릿/사탕,SNACK,커피캔디,마요라
[대천김] 재래 전장김 ,상온식품,김/자반,DRIED_SEAFOOD,재래김,대천김
[건어수라] 육수용 황태머리,수산물,멸치/건어물,DRIED_SEAFOOD,황태머리,건어수라
[뉴믹스] 에어 오리지널맛 저당 커피 파우더 스틱,음료,커피/차,BEVERAGE,커피 파우더,뉴믹스
[데르뜨] 매일유업 우유 케이크 꾸미기 세트,간식류,디저트/케이크,BAKERY,케이크 꾸미기 세트,데르뜨
[LOWIDE] 로와이드 소금빵,간식류,빵류,BAKERY,소금빵,LOWIDE
[광천김] 오가닉김 도시락김,상온식품,김/자반,DRIED_SEAFOOD,도시락김,광천김
[KF365] 1+ 한우 등심 (냉장),육류/계란,소고기,RAW_MEAT,등심,KF365
[THE짙은] YBD 앞다리 구이용 (냉장),육류/계란,돼지고기,RAW_MEAT,앞다리살,THE짙은
[델리치오] 와규 햄버거 패티,육류/계란,가공육(햄/소시지),PROCESSED_MEAT,와규 햄버거 패티,델리치오
[김정환홍삼] 홍삼견과,음료,주스,BEVERAGE,홍삼견과,김정환홍삼
[맥시칸] 크리스피 텐더&청양마요소스,조미료,양념/소스,SAUCE_SEASONING,텐청양마요소스,맥시칸
[로이타이] 코코넛 밀크,유제품,우유/두유,DAIRY,코코넛 밀크,로이타이
[노아베이커리] 앙금품은 모카빵,간식류,빵류,BAKERY,모카빵,노아베이커리
다니엘부쥬XO,술,기타 주류,ALCOHOL,꼬냑,다니엘 부쥬
[리치몬드 과자점] 까만식빵,간식류,빵류,BAKERY,까만식빵,리치몬드 과자점
[꼬모쎔쁘레] 초콜릿 선물세트,간식류,초콜릿/사탕,SNACK,초콜릿,꼬모쎔쁘레
[로트벡쉔] 브레인 헬스 바이탈,기타,기타,UNKNOWN,브레인 헬스 바이탈,로트벡쉔
[대상웰라이프] 석류 콜라겐,조미료,가루분말,SAUCE_SEASONING,석류 콜라겐,대상웰라이프
[SEMIWON] 새우 쇼마이,간편식,냉동식품,FROZEN_MEAL,새우 쇼마이,SEMIWON
[라티브] 올리브레몬샷,기타,기타,UNKNOWN,올리브유,라티브
하이네켄 케그,술,맥주,ALCOHOL,,하이네켄
알렉산더오가닉보드카,술,기타 주류,ALCOHOL,보드카,
샴페인호스톰트레디션,술,와인,ALCOHOL,스파클링 와인,호스톰
[ISFI] 핑크(레드) 페퍼홀,조미료,향신료/허브,SAUCE_SEASONING,레드 페퍼,ISFI
[Dukes coffee] 커피백,음료,커피/차,BEVERAGE,커피백,Dukes coffee
[그냥부엌] 더바삭 베이컨 치즈 감자채전,간편식,냉동식품,FROZEN_MEAL,감자채전,그냥부엌
[YOZM X 테일러] 저당 푸룬 그릭요거트,유제품,요거트,DAIRY,그릭요거트,YOZM X 테일러
[닥터브라이언] 슈퍼브레인 PS&징코 800 플러스,기타,기타,UNKNOWN,플러스,닥터브라이언
[라라스윗] 저당 쭈쭈바,간식류,디저트/케이크,BAKERY,쭈쭈바,라라스윗
[RARE : 레어] 1++ 한우 국거리,육류/계란,소고기,RAW_MEAT,한우 국거리용,RARE : 레어
[26년 설] 조니워커골드리저브,술,기타 주류,ALCOHOL,위스키,26년 설
[로트벡쉔] 아이젠샷,기타,기타,UNKNOWN,아이젠샷,로트벡쉔
[네이처앤헬스] 한천가루,기타,기타,UNKNOWN,한천가루,네이처앤헬스
[동원] 자연산 꽁치 통조림,상온식품,참치/스팸캔,CANNED,꽁치 통조림,동원
[경복궁 BLACK] 양념 소 불고기,육류/계란,가공육(햄/소시지),PROCESSED_MEAT,소불고기,경복궁 BLACK
[도리깨침] 소고기 알배추찜,간편식,레트로트,RTC_MEAL,소고기 알배추찜,도리깨침
[만치니] 프리미엄 파스타면,채소/곡물류,쌀/잡곡,GRAIN,파스타 면,만치니
[Picard] 블랙트러플 매쉬드 포테이토,간편식,냉동식품,FROZEN_MEAL,매쉬드 포테이토,Picard
[김정환홍삼] 홍삼배도라지,음료,주스,BEVERAGE,홍삼배도라지,김정환홍삼
[매일] 소화가 잘 되는 우유 초콜릿,간식류,초콜릿/사탕,SNACK,우유초콜릿,매일
[네스프레소] 코지 커피 캡슐,음료,커피/차,BEVERAGE,커피 캡슐,네스프레소
[대상웰라이프] 뉴케어 올프로틴 프로틴 워터,조미료,가루분말,SAUCE_SEASONING,워터,대상웰라이프
[꼬손] 껍질벗긴 들깨가루,채소/곡물류,쌀/잡곡,GRAIN,들깨가루,꼬손
[그리스 프리미엄 쿠키] 쿠라비에 화이트 스노우 아몬드,간식류,과자/스낵,SNACK,쿠라비에,쿠라비에
[동원] 양반100밥 현미밥,간편식,즉석밥,INSTANT,현미밥,동원
고든스진,술,기타 주류,ALCOHOL,진,고든스
[루솔] 홍삼 배도라지즙,음료,주스,BEVERAGE,배도라지즙,루솔
[남양] 떠먹는 불가리스 제로 요거트 복숭아,유제품,요거트,DAIRY,복숭아,남양
메이커스마크,술,기타 주류,ALCOHOL,위스키,메이커스마크
[VEZZLY] 하루 스콘 세트,간식류,빵류,BAKERY,스콘,VEZZLY
[김소형원방] 슬림 다이어트 카페,기타,기타,UNKNOWN,카페,김소형원방
샤또 부아 페르튀 보르도,술,와인,ALCOHOL,레드 와인,샤또 부아 페르튀
[니아르] 퓨어애사비,조미료,양념/소스,SAUCE_SEASONING,애플사이다비니거,니아르
보테가끼안띠클라시코,술,와인,ALCOHOL,레드 와인,
[KF365] 완도 전복,수산물,조개/전복,RAW_SEAFOOD,전복,KF365
[KF365] 곱창 캔김,상온식품,김/자반,DRIED_SEAFOOD,곱창김,KF365
[마이셰프] 얼큰한 꽃게탕,간편식,냉동식품,FROZEN_MEAL,꽃게탕,마이셰프
칭따오,술,맥주,ALCOHOL,,칭따오
[동원] Dole 워터젤리 사과,간식류,디저트/케이크,BAKERY,워터젤리,동원
[마이노멀 x YOZM] 저당 그릭요거트 애플시나몬,유제품,요거트,DAIRY,그릭요거트,마이노멀 x YOZM
[라티브] 클린프로틴 쉐이크,조미료,가루분말,SAUCE_SEASONING,쉐이크,라티브
[달심] 아사이볼,간식류,디저트/케이크,BAKERY,아사이볼,달심
카발란 솔리스트 비노 바리끄,술,기타 주류,ALCOHOL,위스키,
[리얼닥터] 비타민D 5000IU,조미료,가루분말,SAUCE_SEASONING,5000IU,리얼닥터
[로우바잇츠] 오'망고,과일/견과류,과일,RAW_FRUIT,건망고,로우바잇츠
[동병상련] 전통 프리미엄 떡국떡 세트,간식류,떡,SNACK,떡국떡,동병상련
[다미원] 촉촉한 반건조 오징어,수산물,오징어/문어,RAW_SEAFOOD,반건조 오징어,다미원
산 마르짜노 F 네그로아마로,술,와인,ALCOHOL,레드 와인,
[KF365] 1+등급 무항생제 백색 특란,육류/계란,계란,RAW_MEAT,계란,KF365
[마켓오] 브라우니 바이트,간식류,디저트/케이크,BAKERY,브라우니,마켓오
[떡편] 쌀케이크 세트,간식류,디저트/케이크,BAKERY,쌀케이크,떡편
이브코트 보르도 므왈레,술,와인,ALCOHOL,화이트 와인,이브코트
[남양] 마시는 불가리스 딸기,유제품,요거트,DAIRY,불가리스,남양
[THE짙은] YBD 목살 구이용 (냉장),육류/계란,돼지고기,RAW_MEAT,목살,THE짙은
[G7] 퓨어 블랙커피,음료,커피/차,BEVERAGE,블랙커피,G7
[드립핑크] 커피 드립백,음료,커피/차,BEVERAGE,커피백,드립핑크
[롯데] 몽쉘 생크림케이크 오리지널,간식류,과자/스낵,SNACK,몽쉘,롯데
[카스텔 디 레고] 얼리 하비스트 엑스트라버진,조미료,식용유/기름,SAUCE_SEASONING,엑스트라버진 올리브유,카스텔 디 레고
[마이하노이] 매운 고기폭탄 쌀국수,간편식,냉동식품,FROZEN_MEAL,쌀국수,마이하노이
[뉴트리코어] 코엔자임Q10,기타,기타,UNKNOWN,코엔자임Q10,뉴트리코어
[글루프레소] 혈당커피,음료,커피/차,BEVERAGE,혈당커피,글루프레소
[동원] Dole 워터젤리 망고,간식류,디저트/케이크,BAKERY,워터젤리,동원
[만나다] 유기농 바나나,과일/견과류,과일,RAW_FRUIT,바나나,만나다
[고래사] 새우볼,간편식,레트로트,RTC_MEAL,새우볼,고래사
[VEZZLY] 하루 스콘,간식류,빵류,BAKERY,스콘,VEZZLY
호세쿠엘보 리제르바 엑스트라 아네호,술,기타 주류,ALCOHOL,데낄라,
투핸즈 아레스 쉬라즈,술,와인,ALCOHOL,레드 와인,투핸즈
[레스토랑 알렌 Allen] 트러플 에그 생면 파스타,간편식,밀키트,RTC_MEAL,트러플 에그 생면 파스타,레스토랑 알렌 Allen
[대상웰라이프] 캔서플랜 프로 1.2,기타,기타,UNKNOWN,1.2,대상웰라이프
[니뽕내뽕] 차뽕,간편식,밀키트,RTC_MEAL,짬뽕,니뽕내뽕
[다미원] 반건조 손질 통 민어 (냉동),수산물,생선,RAW_SEAFOOD,반건조 민어,다미원
말리부,술,기타 주류,ALCOHOL,리큐르,
[드로게리아] 히말라야 핑크솔트 그라인더,조미료,조미료,SAUCE_SEASONING,히말라야 핑크솔트,드로게리아
[꿀마실] 아카시아 야생화 스틱,조미료,양념/소스,SAUCE_SEASONING,아카시아 꿀,꿀마실
[Kim's butcher] 호주산 목초 홍두깨 (육전용),육류/계란,소고기,RAW_MEAT,홍두깨,Kim's butcher
[리터스포트] 너트 셀렉션,간식류,과자/스낵,SNACK,셀렉션,리터스포트
[동원] 양반100밥 현미밥,간편식,즉석밥,INSTANT,현미밥,동원
디아블로 데블스 브뤼,술,와인,ALCOHOL,스파클링 와인,디아블로
[농부플러스] 냉압착 생들기름,조미료,식용유/기름,SAUCE_SEASONING,생들기름,농부플러스
[맥파이앤타이거] 먼슬리 티백,음료,커피/차,BEVERAGE,먼슬리 티백,맥파이앤타이거
밀크앤허니레드와인,술,와인,ALCOHOL,레드 와인,
[Kim's butcher] 미국산 냉장 부채살,육류/계란,소고기,RAW_MEAT,부채살,Kim's butcher
[루앙] 대만 샌드위치,간식류,빵류,BAKERY,대만 샌드위치,루앙
[더단백] 파우더,기타,기타,UNKNOWN,프로틴 파우더,더단백
[농심] 짜파게티,간편식,라면,INSTANT,짜파게티,농심
더 레이크스 더 원 파인 블렌디드 위스키,술,기타 주류,ALCOHOL,위스키,더 원
[남양] 떠먹는 불가리스,유제품,요거트,DAIRY,떠먹는 불가리스,남양
[궁] 골든올리브 육포,육류/계란,가공육(햄/소시지),PROCESSED_MEAT,육포,궁
[도리깨침] 프리미엄 명절 한정 상차림,기타,기타,UNKNOWN,상차림,도리깨침
[맑은물에] 맷돌 촌두부,채소/곡물류,콩/두부,SIMPLE_PROCESSED,두부,맑은물에
[락피도] 멀티비타민 면역업,기타,기타,UNKNOWN,멀티비타민,락피도
[남다른감자탕] 불향가득 직화 연탄불고기,육류/계란,소고기,RAW_MEAT,연탄불고기,남다른감자탕
오샤베리쿠지라나마,술,기타 주류,ALCOHOL,사케,
[맛의명태자] 짜먹는 튜브 명란젓 (냉동),간편식,냉동식품,FROZEN_MEAL,냉동 명란젓,맛의명태자
[Kurly's] 샌드위치용 달걀 참치 샐러드,간편식,샐러드팩,RTC_MEAL,달걀 참치 샐러드,Kurly's
[Make you Healthy] 엑스트라버진 올리브오일 캡슐,조미료,식용유/기름,SAUCE_SEASONING,엑스트라버진 올리브유,Make you Healthy
[추천주]팔리에로 아파시멘토,술,와인,ALCOHOL,레드 와인,추천주
[Hallo!] 노르웨이 고등어 (냉동),수산물,생선,RAW_SEAFOOD,냉동 고등어,Hallo!
[매일] 마이 카페라떼 컵커피 ,음료,커피/차,BEVERAGE,컵커피,매일
[딥트 3일] 애플맛 번,간식류,빵류,BAKERY,번,딥트 3일
[마켓오네이처] 오! 그래놀라 그래놀라팝,상온식품,시리얼,GRAIN,오! 그래놀라 그래놀라팝,마켓오네이처
호세쿠엘보 트레디셔널 레포사도,술,기타 주류,ALCOHOL,데낄라,호세쿠엘보
[도스타코스] 부리또,간식류,빵류,BAKERY,부리또,도스타코스
[마즈] 초코 펀사이즈 믹스 3 버라이어티팩,간식류,초콜릿/사탕,SNACK,초코 펀사이즈 믹스 3 버라이어티팩,마즈
신퀀타 꼴레지오네,술,와인,ALCOHOL,레드 와인,신퀀타
다렌버그폴리,술,와인,ALCOHOL,스파클링 와인,
[땡큐장] 표고깡장 땡초장,조미료,양념/소스,SAUCE_SEASONING,땡초장,땡큐장
[가시제거연구소] 고등어밥상 오렌지라벨,수산물,생선,RAW_SEAFOOD,냉동 고등어,가시제거연구소
달모어포트우드리저브,술,기타 주류,ALCOHOL,위스키,달모어
앱솔루트보드카,술,기타 주류,ALCOHOL,보드카,
하쿠시카 토쿠베츠 혼죠조,술,기타 주류,ALCOHOL,사케,
[뱅베 내추럴] 노비스 메르씨,술,와인,ALCOHOL,레드 와인,노비스
[KF365] 1+등급 무항생제 초란,육류/계란,계란,RAW_MEAT,계란,KF365
[Kurly's] 간편하게 바삭,간편식,냉동식품,FROZEN_MEAL,유린기,Kurly's
[껠끄쇼즈] 샌드쿠키,간식류,과자/스낵,SNACK,샌드쿠키,껠끄쇼즈
[달롤] 글루텐프리 쌀카스테라,간식류,빵류,BAKERY,쌀카스테라,달롤
[KF365] 실속 바나나,과일/견과류,과일,RAW_FRUIT,바나나,KF365
[디어파인] 딸기 그릭요거트,유제품,요거트,DAIRY,그릭요거트,디어파인
[고래주방] 부산깡통시장 유부주머니,간편식,냉동식품,FROZEN_MEAL,유부주머니,고래주방
[널담] 고단백 저당 슬랩,기타,기타,UNKNOWN,슬랩,널담
[기뜬정] 수제 호두정과,간식류,디저트/케이크,BAKERY,호두정과,기뜬정
[HBAF] 넛츠앤스낵스 메이플 피칸 믹스넛,과일/견과류,견과류,RAW_FRUIT,믹스넛,HBAF
토후말보로샤도,술,와인,ALCOHOL,화이트 와인,
[1등급 한우] 차돌박이 구이용 (냉동),육류/계란,소고기,RAW_MEAT,냉동 차돌박이,1등급 한우
[담터] 생강차 플러스,음료,커피/차,BEVERAGE,생강차,담터
알루메아 샤르도네 테라 시칠리아네 오가닉,술,와인,ALCOHOL,화이트 와인,
운드라가 테루아 헌터 소비뇽,술,와인,ALCOHOL,레드 와인,
[마이셰프] 안동식 순살 듬뿍 찜닭,간편식,냉동식품,FROZEN_MEAL,찜닭,마이셰프
[김소영 아티장의 안단테] 사토리 오리지널 벨라비타노,유제품,치즈,DAIRY,벨라비타노,김소영 아티장의 안단테
[더치 마스터피스] 고다치즈,유제품,치즈,DAIRY,고다치즈,더치 마스터피스
[교아당] 우리쌀 감귤 오란다,간식류,과자/스낵,SNACK,감귤 오란다,교아당
[동원] 딤섬 새우 하가우,간편식,냉동식품,FROZEN_MEAL,새우 딤섬,동원
산미구엘,술,맥주,ALCOHOL,맥주,
파운더스올데이IPA,술,맥주,ALCOHOL,맥주,
[기장물산] 해녀가 인정한 기장미역,수산물,미역/다시마,DRIED_SEAFOOD,기장미역,기장물산
[그릭데이] 허니그릭요거트,유제품,요거트,DAIRY,허니그릭요거트,그릭데이
크레스만 그랑 리저브 보르도 섹,술,와인,ALCOHOL,화이트 와인,크레스만
[더오담] 고추장양념 오리불고기,간편식,냉동식품,FROZEN_MEAL,오리불고기,더오담
[녹차원] 제주 말차 라떼,음료,커피/차,BEVERAGE,말차 라떼,녹차원
시메이 그랑 리저브 배럴 숙성,술,맥주,ALCOHOL,맥주,
[김재식헬스푸드] 진한 배즙 도라지 배숙,기타,기타,UNKNOWN,기타 주류,김재식헬스푸드
닛카요이치싱글몰트,술,기타 주류,ALCOHOL,위스키,26년 설
1800 아네호,술,기타 주류,ALCOHOL,데낄라,1800
[그랑퍼마쥬] 프랑스 씨솔트 천일염 버터,유제품,버터/생크림,DAIRY,가염버터,그랑퍼마쥬
브로드사이드 샤도,술,와인,ALCOHOL,화이트 와인,브로드사이드
[마땡] 저당 그래놀라,과일/견과류,견과류,RAW_FRUIT,그래놀라,마땡
[던킨도너츠] 블루베리 듬뿍 미니 도넛,간식류,디저트/케이크,BAKERY,블루베리 미니 도넛,던킨도너츠
[도드람한돈] 갈매기살 구이용 (냉장),육류/계란,돼지고기,RAW_MEAT,갈매기살,도드람한돈
[마담로익] 크림치즈,유제품,치즈,DAIRY,크림치즈,마담로익
[닥터린] 슈퍼 글루타치온,기타,기타,UNKNOWN,글루타치온,닥터린
샤또 구프리 뽀므롤,술,와인,ALCOHOL,레드 와인,
펜폴즈 맥스 까베르네 소비뇽,술,와인,ALCOHOL,레드 와인,
[담터] 자판기우유맛 한잔,유제품,우유/두유,DAIRY,자판기 우유,담터
[CJ] 명가 파래김,상온식품,김/자반,DRIED_SEAFOOD,파래김,CJ
[CJ] 맛군밤,간식류,디저트/케이크,BAKERY,맛군밤,CJ
[더파인치즈컴퍼니] 블루 스틸턴 세라믹 팟,유제품,치즈,DAIRY,스틸턴 치즈,더파인치즈컴퍼니
[고래사] 사각어묵,간편식,기타,UNKNOWN,사각어묵,고래사
[도드람한돈] 1등급 등심 스마트팩 카레용,육류/계란,돼지고기,RAW_MEAT,등심,도드람한돈
[Make you healthy] 그린 유기농 컬리케일,기타,기타,UNKNOWN,컬리케일,Make you healthy
[대상웰라이프] 혈당커트 ABC 주스맛,기타,기타,UNKNOWN,혈당커트 ABC,대상웰라이프
[또보겠지떡볶이집] 떡볶이,간편식,밀키트,RTC_MEAL,떡볶이,또보겠지떡볶이집
[디델리] 추억의 라볶이,간편식,밀키트,RTC_MEAL,라볶이,디델리
니모메,술,기타 주류,ALCOHOL,약주,
[Dukes coffee] 커피백,음료,커피/차,BEVERAGE,커피백,Dukes coffee
[둥구나무] 오미자미역초무침,간편식,반찬류,SIMPLE_PROCESSED,오미자미역초무침,둥구나무
[KF365] 노르웨이 고등어,수산물,생선,RAW_SEAFOOD,고등어,KF365
[꾸오닭] 오븐에 꾸오 만든 닭가슴살 스낵,간식류,과자/스낵,SNACK,닭가슴살 스낵,꾸오닭
[고메공방] 들기름 막국수,간편식,밀키트,RTC_MEAL,들기름 막국수,고메공방
[고래사어묵] 김치 우동 전골,간편식,밀키트,RTC_MEAL,김치 우동 전골,고래사어묵
[Picard] 버터 페이스트리 생지,간식류,빵류,BAKERY,페이스트리 생지,Picard
[더플랜] 목련 오당볶이,간편식,밀키트,RTC_MEAL,오당볶이,더플랜
디카이퍼카시스,술,기타 주류,ALCOHOL,리큐르,
시메이골드,술,맥주,ALCOHOL,맥주,
효고오토코야마,술,기타 주류,ALCOHOL,사케,
[더닐크팩토리] 아몬드 스프레드 오리지널,상온식품,잼/스프레드,SAUCE_SEASONING,아몬드 스프레드,더닐크팩토리
[롯데] ABC 초코쿠키 스트로베리 & 초코,간식류,과자/스낵,SNACK,ABC 초코쿠키,롯데
1865 셀렉티드빈야드 시라,술,와인,ALCOHOL,레드 와인,1865
[Project H] 프로틴두부칩,간식류,과자/스낵,SNACK,프로틴두부칩,Project H
킬리더래키쉬라즈,술,와인,ALCOHOL,레드 와인,
[나우푸드] 스트레스와 피로 개선 & 간 건강 면역 에너지샷,기타,기타,UNKNOWN,에너지샷,나우푸드
[기장물산] 해녀가 인정한 기장미역,수산물,미역/다시마,DRIED_SEAFOOD,기장미역,기장물산
[덴프스] 트루바이타민,기타,기타,UNKNOWN,트루바이타민,덴프스
[25-26 햇올리브][카스텔 디 레고] 얼리 하비스트 엑스트라버진,조미료,식용유/기름,SAUCE_SEASONING,엑스트라버진 올리브유,카스텔 디 레고
[매일] 소화가 잘되는 우유,유제품,우유/두유,DAIRY,우유,매일
쿠보타준마이다이긴죠,술,기타 주류,ALCOHOL,사케,
[마마리] 전복미역국,간편식,레트로트,RTC_MEAL,전복 미역국,마마리
[Picard] 미니 애플 타르트,간식류,디저트/케이크,BAKERY,애플 타르트,Picard
안젤리카 자파타 샤도네이,술,와인,ALCOHOL,화이트 와인,
[니아르] 브이케어 그레이프후르츠맛,기타,기타,UNKNOWN,브이케어,니아르
[농심] 감자면,간편식,라면,INSTANT,감자면,농심
가모츠루 준마이 다이긴죠 엔쥬,술,기타 주류,ALCOHOL,사케,26년 설
마리에따말벡,술,와인,ALCOHOL,레드 와인,
[Ozen] 시즈닝 연어스테이크 (냉동),간편식,냉동식품,FROZEN_MEAL,연어 스테이크,Ozen
[Biscuiterie de Provence] [밀가루] 아몬드 케이크,간식류,디저트/케이크,BAKERY,케이크,Biscuiterie de Provence
[99달걀] 운란,육류/계란,계란,RAW_MEAT,운란,99달걀
[마리농장] 강화도식 약쑥 인절미,간식류,떡,SNACK,인절미,마리농장
[굽네] 닭가슴살 생야채 물만두,간편식,냉동식품,FROZEN_MEAL,닭가슴살 물만두,굽네
[로로멜로] 아이스 생초콜릿,간식류,초콜릿/사탕,SNACK,생초콜릿,로로멜로
버메스터 화이트 포트,술,와인,ALCOHOL,화이트 와인,버메스터
[끌레도르]더단백바,간식류,과자/스낵,SNACK,더단백바,끌레도르
[Sea to Table] 손질 빅사이즈 새우,수산물,새우/게,RAW_SEAFOOD,손질 새우,Sea to Table
[드시모네] 키즈 스텝1 딸기향 유산균,기타,기타,UNKNOWN,유산균,드시모네
[닥터브라이언] 슈퍼브레인 PS&징코 800 플러스 세트,기타,기타,UNKNOWN,세트,닥터브라이언
[Perfect Cut] 우대꽃갈비 스테이크,간편식,냉동식품,FROZEN_MEAL,우대갈비 스테이크,Perfect Cut
[룸모] 유기농 통밀 파스타면,채소/곡물류,쌀/잡곡,GRAIN,파스타면,룸모
[램테이블] 호주산 양고기 골라담기,육류/계란,양고기,RAW_MEAT,양고기,램테이블
더글렌그란트 25년,술,기타 주류,ALCOHOL,위스키,더글렌그란트
[대학두유] 대학약콩 (약콩두유),유제품,우유/두유,DAIRY,두유,대학두유
[남양] 맛있는우유 GT,유제품,우유/두유,DAIRY,우유,남양
[룩트] 아이슬란딕 요거트 띠크,유제품,요거트,DAIRY,요거트,룩트
[드립핑크] 커피 드립백,음료,커피/차,BEVERAGE,커피 드립백,드립핑크
[난축맛돈] 뼈등심 구이용,육류/계란,돼지고기,RAW_MEAT,뼈등심,난축맛돈
맥카시스6년,술,기타 주류,ALCOHOL,위스키,
인드리캐스크스트렝스,술,기타 주류,ALCOHOL,위스키,
[건강한우리집비옴] 생 아몬드 분말,과일/견과류,견과류,RAW_FRUIT,아몬드 분말,건강한우리집비옴
세키하라준마이,술,기타 주류,ALCOHOL,사케,
[도량] 철가방요리사 임태훈 셰프의 짬뽕,간편식,밀키트,RTC_MEAL,짬뽕,도량
[디 바르베로] 옐로우 틴케이스 잔두야 초콜릿,간식류,초콜릿/사탕,SNACK,잔두야 초콜릿,디 바르베로
츠카사보탄야마유즈,술,기타 주류,ALCOHOL,사케,
[네니아] 우리밀 냉동 우동면,간편식,냉동식품,FROZEN_MEAL,냉동 우동면,네니아
[HBAF] 먼투썬 하루견과 퍼플,기타,기타,UNKNOWN,퍼플,HBAF
[그냥부엌] 더바삭 치즈감자채전,유제품,치즈,DAIRY,치즈감자채전,그냥부엌
[KF365] 호주산 소고기 척아이롤 구이용 (냉장),육류/계란,소고기,RAW_MEAT,구이,KF365
[매일유업] 바이오 요거트 딸기,유제품,요거트,DAIRY,딸기,매일유업
[덴프스] 덴마크 유산균이야기,조미료,가루분말,SAUCE_SEASONING,유산균이야기,덴프스
[나뚜루] 더 그린티 에디션,기타,기타,UNKNOWN,에디션,나뚜루
듀어스더블더블27년,기타,기타,UNKNOWN,듀어스더블더블27년,
[마마리] 시래기 된장국,기타,기타,UNKNOWN,된장국,마마리
[녹색한우] 무항생제 1+ 한우 등심 구이용 (냉장),기타,기타,UNKNOWN,등심,녹색한우
[마이셰프] 소고기 샤브샤브 밀키트,육류/계란,소고기,RAW_MEAT,샤브샤브,마이셰프
[나뚜루] newness 파인트,채소/곡물류,채소,RAW_PRODUCE,파인트,나뚜루
[Kim's butcher] 미국산 초이스 살치살 스테이크,간편식,밀키트,RTC_MEAL,살치살,Kim's butcher
[KF365] 1등급 닭 안심살 (냉장),기타,기타,UNKNOWN,안심,KF365
[더찹샵] 올리브 로프,기타,기타,UNKNOWN,올리브유,더찹샵
[김구원선생] 국산콩으로 만든 마파두부,채소/곡물류,콩/두부,SIMPLE_PROCESSED,마파두부,김구원선생
[Picard] 노르망디 타르트,기타,기타,UNKNOWN,타르트,Picard
[고트델리] 머쉬룸 고트피자,기타,기타,UNKNOWN,고트피자,고트델리
[농협] [25년산 햇곡] 강원 신림농협 국산 적두,기타,기타,UNKNOWN,적두,농협
[KF365] 1+등급 무항생제 특란,기타,기타,UNKNOWN,계란,KF365
햐쿠모쿠 Alt.3,기타,기타,UNKNOWN,Alt.3,햐쿠모쿠
[고래사] 인기 어묵 & 간편식 선물세트 (냉동),기타,기타,UNKNOWN,식,고래사
롱보드,기타,기타,UNKNOWN,롱보드,
[강창구찹쌀진순대] 진전통순대,기타,기타,UNKNOWN,기타 주류,강창구찹쌀진순대
[고래사] 꼬치어묵전골&유부주머니 (캠핑용),기타,기타,UNKNOWN,꼬치어묵전골&유부주머니,고래사
[강녕] 꿀스틱 선물세트,기타,기타,UNKNOWN,꿀스틱,강녕
[맥파이앤타이거] 말차,채소/곡물류,채소,RAW_PRODUCE,말차,맥파이앤타이거
[마즈] 이클립스,기타,기타,UNKNOWN,이클립스,마즈
[ardo] 냉동 컷그린빈,기타,기타,UNKNOWN,컷그린빈,ardo
[김소형원방] 흑염소진액 1++,기타,기타,UNKNOWN,기타 주류,김소형원방
음스탠다드 입,기타,기타,UNKNOWN,입,음스탠다드
[굽네] 닭가슴살 생야채 물만두,간편식,냉동식품,FROZEN_MEAL,물만두,굽네
[더리얼] 한입 찐 강낭콩,기타,기타,UNKNOWN,강낭콩,더리얼
케이류준마이실프라,술,전통주,ALCOHOL,케이류준마이실프라,
[CJ] 진한 들깨칼국수,기타,기타,UNKNOWN,기타 주류,CJ
[락티브] 베베&키즈 아연 면역젤리,기타,기타,UNKNOWN,면역젤리,락티브
[니아르] 글로우틴 석류맛,기타,기타,UNKNOWN,석류맛,니아르
팔첼리아마로네,기타,기타,UNKNOWN,팔첼리아마로네,
[귤로장생] 제주 감귤 (비가림),기타,기타,UNKNOWN,감귤,귤로장생
[Biscuiterie de Provence] [밀가루] 아몬드&초콜릿 케이크,간식류,디저트/케이크,BAKERY,케이크,Biscuiterie de Provence
생감귤하이볼500,기타,기타,UNKNOWN,생감귤하이볼500,
[드시모네] 베이비 스텝1 유산균,조미료,가루분말,SAUCE_SEASONING,유산균,드시모네
[매일] 우유속에 코코아 락토프리,유제품,우유/두유,DAIRY,락토프리,매일
[드시모네] 프리미엄 플러스,기타,기타,UNKNOWN,플러스,드시모네
불독코파글라스패키지,채소/곡물류,채소,RAW_PRODUCE,불독코파글라스패키지,
세냐 20 (와인),술,와인,ALCOHOL,기타 주류,세냐
[동원] 양반 진국 사골곰탕,기타,기타,UNKNOWN,기타 주류,동원
[마스터바이옴] 지노마스터,기타,기타,UNKNOWN,지노마스터,마스터바이옴
[농협] 쌀전병,기타,기타,UNKNOWN,쌀전병,농협
메나쥬미드레드,기타,기타,UNKNOWN,메나쥬미드레드,
라피스 루나 진판델,기타,기타,UNKNOWN,레드 와인,라피스
[김정환홍삼] 홍삼 쌍화,음료,주스,BEVERAGE,쌍화,김정환홍삼
[26년 설] 조니워커더블블랙700,기타,기타,UNKNOWN,조니워커더블블랙700,26년 설
[GC녹십자웰빙] PNT 비오틴 맥스 5000,기타,기타,UNKNOWN,5000,GC녹십자웰빙
[까사스 디 후알도] 아르베끼나 엑스트라버진,조미료,식용유/기름,SAUCE_SEASONING,올리브유,까사스 디 후알도
오카네금사케,술,전통주,ALCOHOL,사케,
[감코리아] 곶감 쏙 디저트 샘플러,간식류,디저트/케이크,BAKERY,샘플러,감코리아
[KINU] 핑크퐁 키즈 이뮨 젤리,기타,기타,UNKNOWN,젤리,KINU
[립톤] 밀크티,기타,기타,UNKNOWN,밀크티,립톤
[맛꾼푸드] 아이스 엿구마,기타,기타,UNKNOWN,엿구마,맛꾼푸드
[KF365] 한돈 앞다리 수육용 ~(냉장),기타,기타,UNKNOWN,앞다리,KF365
오모로 10년,기타,기타,UNKNOWN,10년,오모로
[Kim's butcher] 돌돌말이 대패 삼겹살 (냉동),육류/계란,돼지고기,RAW_MEAT,냉동 삼겹살,Kim's butcher
[그래인스 쿠키] 콜렉션,기타,기타,UNKNOWN,콜렉션,그래인스 쿠키
[까르미아노] 롱 파스타면,간편식,밀키트,RTC_MEAL,파스타,까르미아노
[덴마크] 떠먹는 포스트바이오틱스 딸기 요거트,유제품,요거트,DAIRY,요거트,덴마크
[더 더치] 스페셜 위스키 치즈,술,기타 주류,ALCOHOL,기타 주류,더 더치
[네이처메이드] 액티브 데일리 멀티 포 우먼,기타,기타,UNKNOWN,우먼,네이처메이드
[도드람한돈] 미트공방 비엔나 소시지,육류/계란,가공육(햄/소시지),PROCESSED_MEAT,소시지,도드람한돈
[26년 설] 러셀리저브10년,기타,기타,UNKNOWN,러셀리저브10년,26년 설
[레인코스트] 크리스프 크래커,기타,기타,UNKNOWN,크래커,레인코스트
[Kim's butcher] 호주산 프렌치랙 (냉동),기타,기타,UNKNOWN,프렌치랙,Kim's butcher
[데일리] 데일리구미 제로슈가 파우치 (유산균,조미료,가루분말,SAUCE_SEASONING,(유산균,데일리
[라이틀리] 곤약치아바타,기타,기타,UNKNOWN,곤약치아바타,라이틀리
[대상웰라이프] 헤이N 유기농 푸룬즙,기타,기타,UNKNOWN,푸룬즙,대상웰라이프
[SOUPER] 송이송이 트러플 비스크,기타,기타,UNKNOWN,비스크,SOUPER
[1등급 한우] 잡채용 (냉장),기타,기타,UNKNOWN,잡채용,1등급 한우
와일드터키마스터스,기타,기타,UNKNOWN,와일드터키마스터스,
[동병상련] 전통 프리미엄 떡국떡,기타,기타,UNKNOWN,떡국떡,동병상련
[고래사] 어묵탕 한그릇,기타,기타,UNKNOWN,한그릇,고래사
조니워커블론드,기타,기타,UNKNOWN,조니워커블론드,
[고기반찬] 춘천식 양념닭갈비,조미료,양념/소스,SAUCE_SEASONING,갈비,고기반찬
[담터] 발아 현미 쑥차,기타,기타,UNKNOWN,쑥차,담터
월계관준마이다이긴죠,술,전통주,ALCOHOL,월계관준마이다이긴죠,
ELEM아이러브아일라,기타,기타,UNKNOWN,ELEM아이러브아일라,
[둥구나무] 통들깨 묵은지 들기름지짐,조미료,식용유/기름,SAUCE_SEASONING,들기름지짐,둥구나무
[가보팜스] 프리미엄 아카시아꿀,기타,기타,UNKNOWN,아카시아꿀,가보팜스
[권영원 소담정찬] 궁채장아찌,기타,기타,UNKNOWN,궁채장아찌,권영원 소담정찬
토카이푸르민트,기타,기타,UNKNOWN,토카이푸르민트,
주라12년,기타,기타,UNKNOWN,주라12년,
[설 선물] 판티니 에디찌오네 콜렉션+자페라노 와인잔 2P (와인),술,와인,ALCOHOL,기타 주류,설 선물
[김구원선생] 국산 두부로 만든 두부곤약 우동,채소/곡물류,콩/두부,SIMPLE_PROCESSED,우동,김구원선생
호세쿠엘보플라티노,기타,기타,UNKNOWN,호세쿠엘보플라티노,
[롯데칠성] 오트몬드 오리지날,기타,기타,UNKNOWN,오리지날,롯데칠성
[레인저스벨리] 호주산 흑소 MB3+ 본갈비살,기타,기타,UNKNOWN,갈비,레인저스벨리
[더본푸드] 놀부가 반해버린 쌀뻥,기타,기타,UNKNOWN,쌀뻥,더본푸드
[마즈] 이클립스 베스트믹스,기타,기타,UNKNOWN,베스트믹스,마즈
스코티시 리더 슈프림,기타,기타,UNKNOWN,슈프림,스코티시
[넛츠그린] 저당 저칼로리 딸기잼,과일/견과류,과일,RAW_FRUIT,딸기잼,넛츠그린
[맥케인] 케이준 후라이,기타,기타,UNKNOWN,후라이,맥케인
[기라델리] 녹여쓰는 초콜릿,간식류,초콜릿/사탕,SNACK,초콜릿,기라델리
[매일유업] 바이오 요거트,유제품,요거트,DAIRY,요거트,매일유업
인트리가막시마,기타,기타,UNKNOWN,인트리가막시마,
[디 바르베로] 그린 틴케이스 초콜릿,간식류,초콜릿/사탕,SNACK,초콜릿,디 바르베로
[로컬스톡] 유기농 잡곡,채소/곡물류,쌀/잡곡,GRAIN,잡곡,로컬스톡
[그레타] 허브 크래커,조미료,향신료/허브,SAUCE_SEASONING,크래커,그레타
[매일] 우유속에 코코아 락토프리,유제품,우유/두유,DAIRY,락토프리,매일
[런던베이글뮤지엄] 베이글 & 크림치즈,유제품,치즈,DAIRY,크림치즈,런던베이글뮤지엄
오프리리저브화이트,기타,기타,UNKNOWN,오프리리저브화이트,
[경주천년한우] 1++ 한우 불고기용 (냉장),기타,기타,UNKNOWN,불고기,경주천년한우
[고메] 바삭탱글한 칠리새우,수산물,새우/게,RAW_SEAFOOD,칠리새우,고메
도멘생미셸로제,기타,기타,UNKNOWN,스파클링 와인,
[맛의명태자] 냉장 명란,기타,기타,UNKNOWN,명란,맛의명태자
크레스만보르도레드,기타,기타,UNKNOWN,크레스만보르도레드,
[디벨라] 통밀 파스타,간편식,밀키트,RTC_MEAL,파스타,디벨라
[농협] 우리쌀 통가래떡,기타,기타,UNKNOWN,통가래떡,농협
[대한제일미] 시월미소미 쌀,기타,기타,UNKNOWN,쌀,대한제일미
[동화약품] 부채표 까스활,기타,기타,UNKNOWN,까스활,동화약품
[고래사] 야채가득 사각어묵,기타,기타,UNKNOWN,사각어묵,고래사
[로카] 네덜란드 전통 치즈 크래커,유제품,치즈,DAIRY,크래커,로카
[광동] 컬처렐 키즈패킷 선물세트,기타,기타,UNKNOWN,키즈패킷,광동
[롯데] 크런키 더블크런치바 미니 스트로베리 & 바나나,과일/견과류,과일,RAW_FRUIT,바나나,롯데
칸티핑크블라썸,기타,기타,UNKNOWN,칸티핑크블라썸,
[디나닥스] 디나닥스 에너지,기타,기타,UNKNOWN,에너지,디나닥스
건파우더진오렌지,채소/곡물류,채소,RAW_PRODUCE,기타 주류,
[네이처오다] 달칩 초코샌드,기타,기타,UNKNOWN,초코샌드,네이처오다
[뉴트리코어] 멀티비타민미네랄 이뮨샷,조미료,가루분말,SAUCE_SEASONING,이뮨샷,뉴트리코어
크레스만보르도레드,기타,기타,UNKNOWN,크레스만보르도레드,
[룩트] 아이슬란딕 요거트볼,유제품,요거트,DAIRY,요거트볼,룩트
[레디큐] 숙취해소 드링크 플러스,기타,기타,UNKNOWN,플러스,레디큐
[맛의고수] 황금호박고구마스틱 곱빼기,채소/곡물류,채소,RAW_PRODUCE,곱빼기,맛의고수
[Kim's butcher] 미국산 소고기 샤브샤브용 (냉동),육류/계란,소고기,RAW_MEAT,냉동 샤브샤브,Kim's butcher
[대상웰라이프] 뉴케어 올프로틴 버라이어티팩,조미료,가루분말,SAUCE_SEASONING,버라이어티팩,대상웰라이프
[그리스 프리미엄 쿠키] 쿠라비에 화이트 스노우 초코 & 아몬드,기타,기타,UNKNOWN,아몬드,그리스 프리미엄 쿠키
[농심] 짜왕,기타,기타,UNKNOWN,짜왕,농심
[덕화명란] MSC인증 한끼 한포 명란,기타,기타,UNKNOWN,명란,덕화명란
[라라스윗] 저당 쭈쭈바,기타,기타,UNKNOWN,쭈쭈바,라라스윗
[르 와플] 길거리 와플,기타,기타,UNKNOWN,와플,르 와플
[김구원선생] 두부 콩나물국,채소/곡물류,콩/두부,SIMPLE_PROCESSED,콩나물국,김구원선생
코맨더보드카+진,기타,기타,UNKNOWN,기타 주류,
[대상웰라이프] 마이밀 뉴프로틴 산양유 단백질,조미료,가루분말,SAUCE_SEASONING,단백질,대상웰라이프
[TV홈쇼핑정품 인포벨]선유가 오세경어부 싱싱두툼 완도 매생이 톡 세척 동결건조 블록 떡국 죽 건매생이 소포장,기타,기타,UNKNOWN,소포장,TV홈쇼핑정품 인포벨
[다담] 상온 양념,조미료,양념/소스,SAUCE_SEASONING,양념,다담
[기장물산] 비빔밥용 해초샐러드,채소/곡물류,채소,RAW_PRODUCE,해초샐러드,기장물산
토쿠베츠혼죠조키쥬로,기타,기타,UNKNOWN,토쿠베츠혼죠조키쥬로,
비네암 샤또 보르도,기타,기타,UNKNOWN,보르도,비네암
[건어물상회] 멸치디포리 다시팩,수산물,멸치/건어물,DRIED_SEAFOOD,다시팩,건어물상회
[더리얼] 비타민 D 5000IU,조미료,가루분말,SAUCE_SEASONING,5000IU,더리얼
[린트] 스위스 클래식 초콜릿,간식류,초콜릿/사탕,SNACK,초콜릿,린트
[김구원선생] 우삼겹 순두부찌개,채소/곡물류,콩/두부,SIMPLE_PROCESSED,삼겹,김구원선생
[남양] 아인슈타인 DHA 우유,유제품,우유/두유,DAIRY,우유,남양
[Kurly's] 동물복지 유정란,기타,기타,UNKNOWN,계란,Kurly's
[KF365] 한돈 깍둑 항정 구이용 (냉장),기타,기타,UNKNOWN,구이,KF365
하쿠시카 호화 준마이 다이긴죠,술,전통주,ALCOHOL,다이긴죠,하쿠시카
[경주천년한우] 1++ 한우 불고기용 (냉장),기타,기타,UNKNOWN,불고기,경주천년한우
다카라 후라노 멜론,기타,기타,UNKNOWN,멜론,다카라
[더오담] 한입 땅콩강정,기타,기타,UNKNOWN,땅콩강정,더오담
샤또 르 퓌 에밀리앙 20 (와인),술,와인,ALCOHOL,기타 주류,샤또
샴페인 드라피에,기타,기타,UNKNOWN,스파클링 와인,샴페인
[마이크고메] 화이트트러플 오일,기타,기타,UNKNOWN,오일,마이크고메
[매일] 마이 카페라떼 파르페,음료,커피/차,BEVERAGE,파르페,매일
[리터스포트] 미니 초콜릿믹스 타워 8P,간식류,초콜릿/사탕,SNACK,타워,리터스포트
[KF365] 실속 바나나,과일/견과류,과일,RAW_FRUIT,바나나,KF365
[QBB] 치즈 디저트 스트로베리,간식류,디저트/케이크,BAKERY,스트로베리,QBB
[마이디벨] 해쉬브라운 10+10,간편식,냉동식품,FROZEN_MEAL,10+10,마이디벨
[녹색한우] 한우 육포,육류/계란,소고기,RAW_MEAT,육포,녹색한우
그로브밀쇼블,술,와인,ALCOHOL,화이트 와인,
[맥심] 디카페인 커피믹스,음료,커피/차,BEVERAGE,커피믹스,맥심
[건어물상회] 국물용멸치,수산물,멸치/건어물,DRIED_SEAFOOD,국물용멸치,건어물상회
[김수사] 국산 게로 만든 게장,수산물,새우/게,RAW_SEAFOOD,게장,김수사
[루토사] 슈스트링 포테이토 프라이,간편식,냉동식품,FROZEN_MEAL,프라이,루토사
[낫띵베럴] 식후리턴,기타,기타,UNKNOWN,식후리턴,낫띵베럴
[교토퍼펙트말차] 휘낭시에,간식류,빵류,BAKERY,휘낭시에,교토퍼펙트말차
[둥구나무] 오이소박이,채소/곡물류,채소,RAW_PRODUCE,오이소박이,둥구나무
[고래주방] 우리쌀 한입 가래떡,간식류,떡,SNACK,가래떡,고래주방
산미구엘캔500,술,맥주,ALCOHOL,산미구엘캔500,
[널담] 아메리칸 쿠키,간식류,과자/스낵,SNACK,쿠키,널담
[8APM] 딥 나잇 멜라시럽,음료,주스,BEVERAGE,멜라시럽,8APM
[1901] 이베리코 베요타 하몽 슬라이스,육류/계란,가공육(햄/소시지),PROCESSED_MEAT,하몽,1901
[동원] 그릴리 직화 델리햄,육류/계란,가공육(햄/소시지),PROCESSED_MEAT,델리햄,동원
[VASAK] 김부각 지퍼백,기타,기타,UNKNOWN,지퍼백,VASAK
[맥널티바이오] 가볍게 비우는 푸룬 푸루룬,기타,기타,UNKNOWN,푸루룬,맥널티바이오
[리터스포트] 큐브 초콜릿 골든 에디션,간식류,초콜릿/사탕,SNACK,에디션,리터스포트
[La bocca] 레드벨벳케이크,간식류,디저트/케이크,BAKERY,레드벨벳케이크,La bocca
[김수사] 황게로 만든 게장,수산물,새우/게,RAW_SEAFOOD,게장,김수사
아이덴티티보드카베리,술,기타 주류,ALCOHOL,기타 주류,
[드시모네] 베이비 스텝2,기타,기타,UNKNOWN,스텝2,드시모네
[돈시몬] 착즙 레몬주스,음료,주스,BEVERAGE,레몬주스,돈시몬
[고메] 소바바치킨 양념 순살,육류/계란,닭고기,RAW_MEAT,소바,고메
[교토마블] 통밀 데니쉬 식빵,기타,기타,UNKNOWN,식빵,교토마블
[KF365] 청양고추,기타,기타,UNKNOWN,청양고추,KF365
[그릭오] 띠크 그릭요거트,유제품,요거트,DAIRY,그릭요거트,그릭오
[다담] 상온 양념,조미료,양념/소스,SAUCE_SEASONING,양념,다담
[KF365] 친환경 표고버섯,채소/곡물류,버섯,RAW_PRODUCE,표고버섯,KF365
하쿠시카스즈로,기타,기타,UNKNOWN,하쿠시카스즈로,
[Fage] 프루요 플레이버 그릭 요거트,유제품,요거트,DAIRY,요거트,Fage
하이네켄 케그,기타,기타,UNKNOWN,케그,하이네켄
[Project H] 제로 레몬 파운드 케이크,간식류,디저트/케이크,BAKERY,케이크,Project H
[김정환홍삼] 홍삼 쌍화,음료,주스,BEVERAGE,쌍화,김정환홍삼
[dole] 후룻볼 복숭아 팩,과일/견과류,과일,RAW_FRUIT,팩,dole
[내츄럴플러스] 기억력케어 앤 유산균,조미료,가루분말,SAUCE_SEASONING,유산균,내츄럴플러스
[신년 ] 스톨리치나야 골드,기타,기타,UNKNOWN,골드,신년
[CJ] 행복한콩 국산콩 두부 부침찌개 겸용,채소/곡물류,콩/두부,SIMPLE_PROCESSED,겸용,CJ
[둥구나무] 통들깨 묵은지 들기름지짐,조미료,식용유/기름,SAUCE_SEASONING,들기름지짐,둥구나무
[매일유업] 바이오 요거트 딸기,유제품,요거트,DAIRY,딸기,매일유업
[KF365] 생 등심 돈까스 (냉장),기타,기타,UNKNOWN,등심,KF365
[매일] 우유속에 코코아 락토프리,유제품,우유/두유,DAIRY,락토프리,매일
[농협] 아름찬 떡볶이떡,간편식,레트로트,RTC_MEAL,떡볶이,농협
[뉴믹스] 에어 오리지널맛 저당 커피 파우더 스틱,음료,커피/차,BEVERAGE,스틱,뉴믹스
[르까도드마비] 타르트 퍼플벌룬,기타,기타,UNKNOWN,퍼플벌룬,르까도드마비
[드시모네] 베이비 스텝1 박스,기타,기타,UNKNOWN,박스,드시모네
[RARE : 레어] 1++ 한우 뉴욕스트립 스테이크,간편식,밀키트,RTC_MEAL,스테이크,RARE : 레어
샴페인 모드 셀렉션,술,와인,ALCOHOL,스파클링 와인,샴페인
[마정기름집] 프리미엄 국산 햇참기름,조미료,식용유/기름,SAUCE_SEASONING,참기름,마정기름집
[남도2대명가] 색색 하루해초 샐러드,기타,기타,UNKNOWN,샐러드,남도2대명가
[La bocca] 부쉬드노엘,기타,기타,UNKNOWN,부쉬드노엘,La bocca
[넛츠앤베리스] 건블루베리,기타,기타,UNKNOWN,건블루베리,넛츠앤베리스
[그린몬스터] 다이어트 하비탈출,기타,기타,UNKNOWN,하비탈출,그린몬스터
[루토사] 벨지안 모둠 감자,채소/곡물류,채소,RAW_PRODUCE,감자,루토사
[겐츠베이커리] 쿠키 세트,간식류,과자/스낵,SNACK,세트,겐츠베이커리
[로카] 네덜란드 전통 치즈 크래커,간식류,과자/스낵,SNACK,크래커,로카
올트모어21년,기타,기타,UNKNOWN,올트모어21년,
9라이브스리저브리즐링,기타,기타,UNKNOWN,화이트 와인,
아린자노그란블랑코,기타,기타,UNKNOWN,아린자노그란블랑코,
[그릭데이] 리얼카카오 그래놀라,유제품,요거트,DAIRY,그래놀라,그릭데이
메나쥬미드레드,기타,기타,UNKNOWN,메나쥬미드레드,
[네스프레소 버츄오] 코스타리카 커피 캡슐,음료,커피/차,BEVERAGE,캡슐,네스프레소 버츄오
[롯데웰푸드] 티코,기타,기타,UNKNOWN,티코,롯데웰푸드
리오하알타마르텔로,기타,기타,UNKNOWN,리오하알타마르텔로,
[땡큐장] 표고깡장 땡초장,기타,기타,UNKNOWN,땡초장,땡큐장
[26년 설] 라가불린16년,기타,기타,UNKNOWN,라가불린16년,26년 설
[피쿠알리아] 퍼스트 데이 하베스트 리미티드 에디션 피쿠알 엑스트라버진,조미료,식용유/기름,SAUCE_SEASONING,올리브유,피쿠알리아
[고메] 클래식 콤비네이션 피자,간편식,냉동식품,FROZEN_MEAL,피자,고메
[마즈] 엠앤엠즈 블록 아몬드,기타,기타,UNKNOWN,아몬드,마즈
[BNR17] 비에날씬 플러스,기타,기타,UNKNOWN,플러스,BNR17
글랜카담15년,기타,기타,UNKNOWN,글랜카담15년,
[매일] 소화가 잘되는 우유,유제품,우유/두유,DAIRY,우유,매일
[노블레사 델 수르] 트레디션 피쿠알 엑스트라버진 올리브오일,조미료,식용유/기름,SAUCE_SEASONING,올리브유,노블레사 델 수르
[기라델리] 스퀘어백 초콜릿,간식류,초콜릿/사탕,SNACK,초콜릿,기라델리
윌더니스하이라이버번,기타,기타,UNKNOWN,윌더니스하이라이버번,
[HBAF] 허니버터 아몬드,유제품,버터/생크림,DAIRY,아몬드,HBAF
[KF365] 한돈 부위별 대용량 가성비,육류/계란,돼지고기,RAW_MEAT,가성비,KF365
[Picard] 베샤멜 소스,조미료,양념/소스,SAUCE_SEASONING,소스,Picard
[더브레드블루] 저당 모닝빵,기타,기타,UNKNOWN,모닝빵,더브레드블루
[FELT] 오리지널 콜드브루,기타,기타,UNKNOWN,콜드브루,FELT
[SEMIWON] 왕어혈교,기타,기타,UNKNOWN,왕어혈교,SEMIWON
[김정환홍삼] 홍삼 배도라지,음료,주스,BEVERAGE,배도라지,김정환홍삼
집집락샤도네이,술,와인,ALCOHOL,화이트 와인,
[그로서리서울] 찰보리 흑미 곤약밥,기타,기타,UNKNOWN,곤약밥,그로서리서울
[레스토랑 알렌 Allen] 라구 에그 생면 파스타,간편식,밀키트,RTC_MEAL,파스타,레스토랑 알렌 Allen
[KF365] 도톰 한돈 동그랑땡 (냉동),육류/계란,돼지고기,RAW_MEAT,냉동 동그랑땡,KF365
[김소영 아티장의 안단테] 포인트 레이스 토마,기타,기타,UNKNOWN,토마,김소영 아티장의 안단테
[MD's pick] 고당도 삼색 과일세트,과일/견과류,과일,RAW_FRUIT,과일세트,MD's pick
[룰루맘] 우리아이 맑은습관 도라지배,기타,기타,UNKNOWN,도라지배,룰루맘
[도드람한돈] 도깨비살(앞다리) 구이용 (냉장),육류/계란,돼지고기,RAW_MEAT,구이,도드람한돈
[ORGA] 검정콩 모닝빵,기타,기타,UNKNOWN,모닝빵,ORGA
[Biscuiterie de Provence]아몬드&밤 케이크,간식류,디저트/케이크,BAKERY,케이크,Biscuiterie de Provence
[로우슈가랩] 프로틴 단백질 쉐이크,조미료,가루분말,SAUCE_SEASONING,쉐이크,로우슈가랩
[마마리] 우리쌀 떡국,기타,기타,UNKNOWN,떡국,마마리
[Dole] 그린 파파야,채소/곡물류,채소,RAW_PRODUCE,파파야,Dole
[돌아와요부산어묵] 땡초봉 어묵,기타,기타,UNKNOWN,어묵,돌아와요부산어묵
[KF365] 한돈 가브리살 (수육 구이용),육류/계란,돼지고기,RAW_MEAT,가브리살,KF365
몬테네그로,기타,기타,UNKNOWN,몬테네그로,
메종아이스뀌베로제,기타,기타,UNKNOWN,스파클링 와인,
[도리깨침] 도토리묵 무침,기타,기타,UNKNOWN,무침,도리깨침
[ardo] 냉동브로콜리,기타,기타,UNKNOWN,냉동브로콜리,ardo
[더플랜] 목련 어묵탕,기타,기타,UNKNOWN,어묵탕,더플랜
[마마리] 소고기 무국,육류/계란,소고기,RAW_MEAT,무국,마마리
[램테이블] 호주산 바질 양꼬치,기타,기타,UNKNOWN,양꼬치,램테이블
[룩트] 아이슬란딕 요거트,유제품,요거트,DAIRY,요거트,룩트
[고메공방] 계란빵,육류/계란,계란,RAW_MEAT,계란,고메공방
[마이셰프] 한우 소고기 무국,육류/계란,소고기,RAW_MEAT,무국,마이셰프
[Kim's butcher] 호주산 소고기 샤브샤브(냉동),육류/계란,소고기,RAW_MEAT,냉동 샤브샤브,Kim's butcher
[25-26 햇올리브][까사스 디 후알도] 피쿠알 엑스트라버진,조미료,식용유/기름,SAUCE_SEASONING,올리브유,25-26 햇올리브
[더오담] 한입 현미 강정,기타,기타,UNKNOWN,강정,더오담
[광동생활건강] 배도라지쌍화스틱,기타,기타,UNKNOWN,배도라지쌍화스틱,광동생활건강
[CU픽업] 스카이 750,기타,기타,UNKNOWN,750,CU픽업
[둥구나무] 산채나물 비빔밥,채소/곡물류,채소,RAW_PRODUCE,비빔밥,둥구나무
[로트벡쉔] 브레인 헬스 바이탈,기타,기타,UNKNOWN,바이탈,로트벡쉔
[권영원 소담정찬] 무염 청국장 (냉동),기타,기타,UNKNOWN,청국장,권영원 소담정찬
아사히 쇼쿠사이 (맥주),술,맥주,ALCOHOL,맥주,아사히
[마즈] 스니커즈 미니스 초콜릿바,간식류,초콜릿/사탕,SNACK,초콜릿바,마즈
[경자국밥] 인기 국밥,기타,기타,UNKNOWN,국밥,경자국밥
[다시다] 프리미엄 골드 멸치디포리,수산물,멸치/건어물,DRIED_SEAFOOD,멸치디포리,다시다
[군산 이성당] 카레 고로케,기타,기타,UNKNOWN,고로케,군산 이성당
[동원] 맛참 고소참기름,조미료,식용유/기름,SAUCE_SEASONING,고소참기름,동원
[도라지청년] 수제한입도라지정과,기타,기타,UNKNOWN,수제한입도라지정과,도라지청년
[달롤] 저당 글루텐프리 롤케이크,간식류,디저트/케이크,BAKERY,롤케이크,달롤
[마켓오네이처] 오!그래놀라 다이제,기타,기타,UNKNOWN,다이제,마켓오네이처
칵번스페셜리저브포트,기타,기타,UNKNOWN,칵번스페셜리저브포트,
[롯데] 가나 마일드,기타,기타,UNKNOWN,마일드,롯데
[KF365] 깐대파,채소/곡물류,채소,RAW_PRODUCE,깐대파,KF365
[마르티네즈] 세라노 초리조,기타,기타,UNKNOWN,초리조,마르티네즈
[GNC] 맨 멀티비타민 앤 미네랄,조미료,가루분말,SAUCE_SEASONING,미네랄,GNC
레드우드버번,기타,기타,UNKNOWN,레드우드버번,
[뉴오리진] 에스트리션 유한백수오 퓨어,술,기타 주류,ALCOHOL,기타 주류,뉴오리진
[닥터넛츠] 저당 다크초콜릿 견과,간식류,초콜릿/사탕,SNACK,견과,닥터넛츠
[KF365] 방울토마토,채소/곡물류,채소,RAW_PRODUCE,방울토마토,KF365
너드,기타,기타,UNKNOWN,너드,
[뉴델리 :진한 인도 커리의 맛] 인도 난,술,기타 주류,ALCOHOL,기타 주류,뉴델리 :진한 인도 커리의 맛
글랜카담 아메리칸 오크 리저브,기타,기타,UNKNOWN,리저브,글랜카담
[다시다] 프리미엄 골드 멸치디포리,수산물,멸치/건어물,DRIED_SEAFOOD,멸치디포리,다시다
[그라나롤로] 부라타 치즈 (냉동),유제품,치즈,DAIRY,치즈,그라나롤로
[라티브] 올리브레몬샷,기타,기타,UNKNOWN,올리브유,라티브
탐나불린셰리캐스크,기타,기타,UNKNOWN,탐나불린셰리캐스크,
[KF365] 한돈 삼겹 목살 등갈비 모둠 (냉장),육류/계란,돼지고기,RAW_MEAT,삼겹,KF365
[My little recipe] 사리듬뿍 순살 닭갈비,기타,기타,UNKNOWN,갈비,My little recipe
[강릉상회] 손질멸치,수산물,멸치/건어물,DRIED_SEAFOOD,멸치,강릉상회
[꾸악] 스페인 유기농 엑스트라버진,조미료,식용유/기름,SAUCE_SEASONING,올리브유,꾸악
[넛츠앤베리스] 프로틴믹스넛w,조미료,가루분말,SAUCE_SEASONING,프로틴믹스넛w,넛츠앤베리스
들라스-꼬뜨 뒤 론 생떼스프,기타,기타,UNKNOWN,생떼스프,들라스-꼬뜨
[대천김] 구이김밥용김,기타,기타,UNKNOWN,구이김밥용김,대천김
시가시티마두로,기타,기타,UNKNOWN,시가시티마두로,
[CJ] 가벼운 고단백 두부면,채소/곡물류,콩/두부,SIMPLE_PROCESSED,두부면,CJ
[떡미당] 굳지않는 앙버터 절편,유제품,버터/생크림,DAIRY,절편,떡미당
로스바스코스까르미네,기타,기타,UNKNOWN,로스바스코스까르미네,
[CJ] 매콤달콤 생쫄면,기타,기타,UNKNOWN,생쫄면,CJ
예거마이스터,기타,기타,UNKNOWN,예거마이스터,
그랜트버지필셀쉬라,술,와인,ALCOHOL,레드 와인,
[넛쏘굿] 몸에 좋은 믹스넛,기타,기타,UNKNOWN,믹스넛,넛쏘굿
[경복궁 BLACK] 한우 사골 고기 곰탕,육류/계란,소고기,RAW_MEAT,곰탕,경복궁 BLACK
[Picard] 메뉘에르식 가자미 튀김,기타,기타,UNKNOWN,튀김,Picard
롱보드,기타,기타,UNKNOWN,롱보드,
파머스립필러박스레드,채소/곡물류,채소,RAW_PRODUCE,파머스립필러박스레드,
[녹색한우] 무항생제 1+ 한우 안심 이유식용,육류/계란,소고기,RAW_MEAT,안심,녹색한우
[Dole] 특선 바나나,과일/견과류,과일,RAW_FRUIT,바나나,Dole
[HUGO&VICTOR] 파운드 케이크,간식류,디저트/케이크,BAKERY,케이크,HUGO&VICTOR
[Graze Cattle]자유방목 호주산 소고기 목초 부채살 스테이크,간편식,밀키트,RTC_MEAL,부채살,Graze Cattle
[말돈] 플레이크 소금,기타,기타,UNKNOWN,소금,말돈
[99소시지] 삼겹 후랑크 소시지,육류/계란,가공육(햄/소시지),PROCESSED_MEAT,삼겹,99소시지
[덴프스] 덴마크 유산균이야기,조미료,가루분말,SAUCE_SEASONING,유산균이야기,덴프스
[Fairday] 공정무역 바른 건망고,기타,기타,UNKNOWN,건망고,Fairday
[동광젓갈] 백명란젓,기타,기타,UNKNOWN,백명란젓,동광젓갈
[Ansem] 오세트라 캐비아,기타,기타,UNKNOWN,캐비아,Ansem
[김소영 아티장의 안단테] 벨레트왈 크리미 슬라이스,기타,기타,UNKNOWN,슬라이스,김소영 아티장의 안단테
[Dole] 후룻팝,기타,기타,UNKNOWN,후룻팝,Dole
[널담] 완전영양식빵,기타,기타,UNKNOWN,완전영양식빵,널담
[감코리아]곶감 쏙 치즈 시리즈 세트,유제품,치즈,DAIRY,세트,감코리아
[Kurly's] R15 통밀 모닝롤,기타,기타,UNKNOWN,모닝롤,Kurly's
[가토미작] 망고 그릭요거트 보틀 케이크,유제품,요거트,DAIRY,케이크,가토미작
[농협] [25년산 햇곡] 강원 신림농협 국산 백태,기타,기타,UNKNOWN,백태,농협
[1등급 한우] 등심 구이용 (냉장),육류/계란,소고기,RAW_MEAT,등심,1등급 한우
[남양] 떠먹는 불가리스 플레인,유제품,요거트,DAIRY,플레인,남양
타이거오리지널,기타,기타,UNKNOWN,타이거오리지널,
아페롤X친차노기획,기타,기타,UNKNOWN,아페롤X친차노기획,
플라티노블루 입,기타,기타,UNKNOWN,입,플라티노블루
몽그라스안투쉬라,술,와인,ALCOHOL,레드 와인,
[G7] 퓨어블랙 라이트,기타,기타,UNKNOWN,라이트,G7
[녹차원] 제로슈가 차,기타,기타,UNKNOWN,차,녹차원
노비볼레 로마냐 로사토,기타,기타,UNKNOWN,로사토,노비볼레
탐나불린쇼비뇽블랑,기타,기타,UNKNOWN,탐나불린쇼비뇽블랑,
크러시,기타,기타,UNKNOWN,크러시,
[롯데] 프리미엄 가나 마카다미아,기타,기타,UNKNOWN,마카다미아,롯데
[맑은물에] 참좋은 국산콩 순두부,채소/곡물류,콩/두부,SIMPLE_PROCESSED,순두부,맑은물에
[룰루맘] 리얼치즈구마,유제품,치즈,DAIRY,리얼치즈구마,룰루맘
[KF365] 노르웨이 고등어,수산물,생선,RAW_SEAFOOD,고등어,KF365
[마니커에프앤지] 옛날통닭 바사삭 치킨윙,육류/계란,닭고기,RAW_MEAT,치킨윙,마니커에프앤지
[레인코스트] 크리스프 크래커,간식류,과자/스낵,SNACK,크래커,레인코스트
[Chai797] 새우 듬뿍 하가우,간편식,냉동식품,FROZEN_MEAL,하가우,Chai797
[드시모네] 프리미엄 플러스,기타,기타,UNKNOWN,플러스,드시모네
[HBAF] 다크초코 프레첼,간식류,과자/스낵,SNACK,프레첼,HBAF
[담양갈비창고] 한돈 한판 바싹불고기,육류/계란,소고기,RAW_MEAT,불고기,담양갈비창고
[고메] 클래식 콤비네이션 피자,간편식,냉동식품,FROZEN_MEAL,피자,고메
[건나물] 건가지,채소/곡물류,채소,RAW_PRODUCE,건가지,건나물
[덴마크] 덴마크 하이 그릭 프로즌 아이스크림,유제품,요거트,DAIRY,아이스크림,덴마크
[Picard] 초콜릿 라바 케이크,간식류,디저트/케이크,BAKERY,케이크,Picard
컨트리 레인 솔티드 카라멜,간식류,초콜릿/사탕,SNACK,카라멜,컨트리
[드로게리아] 페퍼론치노밀 (그라인더),조미료,조미료,SAUCE_SEASONING,페퍼론치노밀,드로게리아
[매일] 폴바셋 어메이징 오트 커피,음료,커피/차,BEVERAGE,커피,매일
[떡미당] 크림가득 찹쌀떡,간식류,떡,SNACK,찹쌀떡,떡미당
[강고집] 바삭 구운 순살먹태,수산물,멸치/건어물,DRIED_SEAFOOD,순살먹태,강고집
[RARE : 레어] 1++ 한우 차돌박이 슬라이스,육류/계란,소고기,RAW_MEAT,차돌박이,RARE : 레어
[김소형원방] 목편한 무꿀배 스틱,음료,주스,BEVERAGE,스틱,김소형원방
[녹색한우] 무항생제 1+ 한우 안심 구이용 (냉장),육류/계란,소고기,RAW_MEAT,안심,녹색한우
[둥구나무] 계란말이,육류/계란,계란,RAW_MEAT,계란,둥구나무
구로키 혼텐 잃어버린 시간을 찾아서 (사케),술,전통주,ALCOHOL,사케,구로키
[마이노멀 x YOZM] 저당 그릭요거트 애플시나몬,유제품,요거트,DAIRY,애플시나몬,마이노멀 x YOZM
[둥구나무] 산채나물 비빔밥 세트,채소/곡물류,채소,RAW_PRODUCE,세트,둥구나무
[기획상품][Dole] 스위티오 실속 파인애플,과일/견과류,과일,RAW_FRUIT,파인애플,기획상품
[매일] 소화가 잘되는 우유 저지방,유제품,우유/두유,DAIRY,저지방,매일
[Kim's butcher] 미국산 돼지고기 샤브샤브 (냉동),육류/계란,돼지고기,RAW_MEAT,냉동 샤브샤브,Kim's butcher
[고래사] 야채가득 사각어묵,수산물,생선,RAW_SEAFOOD,사각어묵,고래사
[김구원선생] 유기농 숙주나물,채소/곡물류,채소,RAW_PRODUCE,숙주나물,김구원선생
프라팡15년,기타,기타,UNKNOWN,프라팡15년,
[감코리아] 월하시 팩,과일/견과류,과일,RAW_FRUIT,팩,감코리아
고세-그랑 밀레짐,기타,기타,UNKNOWN,밀레짐,고세-그랑
[마이너피겨스] 유기농 오트음료,기타,기타,UNKNOWN,오트음료,마이너피겨스
[강훈목장] 수제 그릭요거트 시그니처,유제품,요거트,DAIRY,그릭요거트,강훈목장
[건어물상회] 한입에 쏙 치즈 오징어,수산물,오징어/문어,RAW_SEAFOOD,오징어,건어물상회
[LITTLENECK] 리틀넥 비프 머쉬룸 리조또,기타,기타,UNKNOWN,리조또,LITTLENECK
[김재식헬스푸드] 포도씨 담은 포도즙,과일/견과류,과일,RAW_FRUIT,포도즙,김재식헬스푸드
[KF365] 에어프라이어용 닭가슴살 미니 카츠,육류/계란,닭고기,RAW_MEAT,카츠,KF365
[돌아와요부산어묵] 특상천 어묵,수산물,생선,RAW_SEAFOOD,어묵,돌아와요부산어묵
[대천김] 곱창 캔김,기타,기타,UNKNOWN,캔김,대천김
[네스프레소] 페스티브 시나몬 타마린드향 커피 캡슐,음료,커피/차,BEVERAGE,캡슐,네스프레소
[매일] 허쉬 초콜릿 드링크 바나나,간식류,초콜릿/사탕,SNACK,바나나,매일
[담터] 콘푸레이크천마차,기타,기타,UNKNOWN,콘푸레이크천마차,담터
레몬레이슈,기타,기타,UNKNOWN,레몬레이슈,
리몬첼로소렌토I.G.T,기타,기타,UNKNOWN,리몬첼로소렌토I.G.T,
[내츄럴플러스] 혈당케어 유산균,조미료,가루분말,SAUCE_SEASONING,유산균,내츄럴플러스
[땡스오트] 리얼 그래놀라,기타,기타,UNKNOWN,그래놀라,땡스오트
[YOZM] 플레인 그릭요거트,유제품,요거트,DAIRY,그릭요거트,YOZM
[동원] 바른어묵 사각 (갈치 실꼬리돔),수산물,생선,RAW_SEAFOOD,사각,동원
[땅끝농협] 국산 다진마늘,술,기타 주류,ALCOHOL,기타 주류,땅끝농협
닷사이 준마이 다이긴죠 45,술,전통주,ALCOHOL,45,닷사이
단즈카보드카애플,술,기타 주류,ALCOHOL,기타 주류,
[Picard] 홀밀크 케이크,간식류,디저트/케이크,BAKERY,케이크,Picard
[동원] 양반 찍먹 김부각,기타,기타,UNKNOWN,김부각,동원
[로로멜로] 아이스 생초콜릿,간식류,초콜릿/사탕,SNACK,생초콜릿,로로멜로
[꼬손] 껍질벗긴 들깨가루,기타,기타,UNKNOWN,들깨가루,꼬손
[교토퍼펙트말차] 파운드 케이크,간식류,디저트/케이크,BAKERY,케이크,교토퍼펙트말차
[다이센] 과일 아이스바,과일/견과류,과일,RAW_FRUIT,아이스바,다이센
[둥구나무] 햄감자채볶음,채소/곡물류,채소,RAW_PRODUCE,햄감자채볶음,둥구나무
[라라스윗] 저당 생요거트바,유제품,요거트,DAIRY,생요거트바,라라스윗
코맨더보드카+진,술,기타 주류,ALCOHOL,기타 주류,
헤이먼스런던드라이진,술,기타 주류,ALCOHOL,기타 주류,
[마마리] 트러플 바질페스토,기타,기타,UNKNOWN,바질페스토,마마리
[달라코스타] 유기농 파스타,채소/곡물류,채소,RAW_PRODUCE,파스타,달라코스타
[KF365] 컷팅파인애플 청크,과일/견과류,과일,RAW_FRUIT,청크,KF365
[닥터유] 프로 미니 단백바,기타,기타,UNKNOWN,단백바,닥터유
오프리리저브화이트,기타,기타,UNKNOWN,오프리리저브화이트,
[만전김] 햇살과 바람이 길러낸 유기김 (조미),기타,기타,UNKNOWN,유기김,만전김
[25-26 햇올리브][르구떼] 에코 나이트 엑스트라버진 오일,조미료,식용유/기름,SAUCE_SEASONING,올리브유,25-26 햇올리브
[닥터메타] 티컨트롤 요오드 1000,기타,기타,UNKNOWN,1000,닥터메타
[네이처빌] 우리쌀 바지락 쌀칼국수,기타,기타,UNKNOWN,쌀칼국수,네이처빌
[대흥] 염장해파리 (냉장),채소/곡물류,채소,RAW_PRODUCE,염장해파리,대흥
[그랑퍼마쥬] 프랑스 씨솔트 천일염 버터,유제품,버터/생크림,DAIRY,버터,그랑퍼마쥬
[더브레드블루] 무화과깜빠뉴,기타,기타,UNKNOWN,무화과깜빠뉴,더브레드블루
818데킬라블랑코,기타,기타,UNKNOWN,818데킬라블랑코,
[니아르] 퓨어애사비,기타,기타,UNKNOWN,퓨어애사비,니아르
[그릭오] 말차&홍차 그릭요거트,유제품,요거트,DAIRY,그릭요거트,그릭오
[닥터유] 저당 에너지바,기타,기타,UNKNOWN,에너지바,닥터유
[CJ] 자메이카 Style 치킨,기타,기타,UNKNOWN,치킨,CJ
[노시타]화이트단무지,기타,기타,UNKNOWN,화이트단무지,노시타
[르루] 유기농 치커리 대체커피,음료,커피/차,BEVERAGE,대체커피,르루
[KF365] 두툼한 국산 오징어채 (냉동),수산물,오징어/문어,RAW_SEAFOOD,오징어채,KF365
[라라스윗] 스틱바 아이스크림,음료,주스,BEVERAGE,아이스크림,라라스윗
[대천김] 짜지 않은 재래김,기타,기타,UNKNOWN,재래김,대천김
[HBAF] 먼투썬 하루견과 퍼플,기타,기타,UNKNOWN,퍼플,HBAF
부쉬밀12년싱글(신),기타,기타,UNKNOWN,부쉬밀12년싱글,
[KF365] 닭가슴살로 만든 닭갈비,육류/계란,닭고기,RAW_MEAT,갈비,KF365
[Kurly's] 동물복지 닭 아랫날개 (윙),기타,기타,UNKNOWN,아랫날개,Kurly's
오리지널 비어 컴퍼니 페도라 쾰시 (맥주),술,맥주,ALCOHOL,맥주,오리지널
[맥파이앤타이거] 논카페인 티머그 선물세트,채소/곡물류,채소,RAW_PRODUCE,티머그,맥파이앤타이거
조니 워커 블루 라벨 (위스키),술,기타 주류,ALCOHOL,기타 주류,조니
[더 샤퀴테리아] 이탈리안 살라미 오리지널&치즈 샘플러,유제품,치즈,DAIRY,살라미,더 샤퀴테리아
[Chai797] 블랙하가우,기타,기타,UNKNOWN,블랙하가우,Chai797
[그린너트] 아몬드분태,기타,기타,UNKNOWN,아몬드분태,그린너트
폴존PX셀렉트,기타,기타,UNKNOWN,폴존PX셀렉트,
운드라가 테루아 헌터 까쇼,술,와인,ALCOHOL,레드 와인,운드라가
[KF365] 깐 계란,육류/계란,계란,RAW_MEAT,계란,KF365
[나폴레옹] 유자 스폰지 케이크,간식류,디저트/케이크,BAKERY,케이크,나폴레옹
[Dole] 후룻컵 알로코코,기타,기타,UNKNOWN,알로코코,Dole
카쿠시구라,기타,기타,UNKNOWN,카쿠시구라,
까레띤또소브레리아스,기타,기타,UNKNOWN,까레띤또소브레리아스,
[노티드] 스마일 만쥬,기타,기타,UNKNOWN,만쥬,노티드
샴페인 마이 엑스트라 브뤼,조미료,식용유/기름,SAUCE_SEASONING,스파클링 와인,샴페인
[뱅베 내추럴] 얀 뒤리유 럽 앤 핍 21 (와인),술,와인,ALCOHOL,기타 주류,뱅베 내추럴
하이네켄 케그,기타,기타,UNKNOWN,케그,하이네켄
[Yaam!] 크루통,기타,기타,UNKNOWN,크루통,Yaam!
아이덴티티보드카베리,술,기타 주류,ALCOHOL,기타 주류,
까테나 샤도네이,술,와인,ALCOHOL,화이트 와인,까테나
[라벨리] 빙수,기타,기타,UNKNOWN,빙수,라벨리
[dole] 후룻볼 복숭아 팩,과일/견과류,과일,RAW_FRUIT,팩,dole
[강릉상회] 황금빛 황태채,기타,기타,UNKNOWN,황태채,강릉상회
[리터스포트] 미니 타워 크런치 믹스 9P,기타,기타,UNKNOWN,믹스,리터스포트
레칙10년,기타,기타,UNKNOWN,레칙10년,
[덴프스] 덴마크 유산균이야기 보자기,조미료,가루분말,SAUCE_SEASONING,보자기,덴프스
[그리팅] 간편 용기죽,기타,기타,UNKNOWN,용기죽,그리팅
[KF365] 닭가슴살 샤브샤브 돌돌말이 (냉동),육류/계란,닭고기,RAW_MEAT,냉동 샤브샤브,KF365
인드리캐스크스트렝스,기타,기타,UNKNOWN,인드리캐스크스트렝스,
마스미아카,기타,기타,UNKNOWN,마스미아카,
[다시다] 명품 골드 쇠고기 96G,기타,기타,UNKNOWN,쇠고기,다시다
텐손 코우린,기타,기타,UNKNOWN,코우린,텐손
[동서] 애사비콤부차 피치패션프룻,기타,기타,UNKNOWN,피치패션프룻,동서
얄리까르메네르,기타,기타,UNKNOWN,얄리까르메네르,
[1등급 한우] 등심 구이용 (냉장),육류/계란,소고기,RAW_MEAT,등심,1등급 한우
[매일] 어메이징 오트 오리지널,기타,기타,UNKNOWN,오리지널,매일
[네스프레소 버츄오] 로스티드 헤이즐넛향 커피 캡슐,음료,커피/차,BEVERAGE,캡슐,네스프레소 버츄오
[더오담] 가마솥 누룽지 (국내산),기타,기타,UNKNOWN,누룽지,더오담
조니워커블랙,기타,기타,UNKNOWN,조니워커블랙,
[VASAK] 김부각 시그니처,기타,기타,UNKNOWN,김부각,VASAK
[1901] 이베리코 세보 하몽 슬라이스,육류/계란,가공육(햄/소시지),PROCESSED_MEAT,하몽,1901
[도리깨침] 구절판,기타,기타,UNKNOWN,구절판,도리깨침
[네스프레소 버츄오] 더블 에스프레소 키아로 커피 캡슐,음료,커피/차,BEVERAGE,캡슐,네스프레소 버츄오
[리틀스페인] 문어 감바스 알 아히요,수산물,오징어/문어,RAW_SEAFOOD,아히요,리틀스페인
[레오나르디] 모데나산 발사믹 비니거 DOP,기타,기타,UNKNOWN,DOP,레오나르디
[랩노쉬] 단백쿠키바 골라담기,간식류,과자/스낵,SNACK,골라담기,랩노쉬
[KF365] 16brix이상 고당도 상주 샤인머스켓,기타,기타,UNKNOWN,샤인머스켓,KF365
[26년 설] 화요53적마에디션,기타,기타,UNKNOWN,화요53적마에디션,26년 설
[고래주방] 유부주머니 어묵탕,수산물,생선,RAW_SEAFOOD,어묵탕,고래주방
[남양] 불가리스 플레인 요거트,유제품,요거트,DAIRY,요거트,남양
[리치몬드 과자점] 베르그 슈타이거 호밀빵,간식류,과자/스낵,SNACK,호밀빵,리치몬드 과자점
[Picard] 버섯 고르곤졸라 타르트,채소/곡물류,버섯,RAW_PRODUCE,타르트,Picard
[매일] 소화가 잘 되는 우유 초콜릿,간식류,초콜릿/사탕,SNACK,초콜릿,매일
[리코스] 나쵸,기타,기타,UNKNOWN,나쵸,리코스
[YOZM] 플레인 그릭요거트 소프트,유제품,요거트,DAIRY,소프트,YOZM
뛰느방 베이비 배드 보이,기타,기타,UNKNOWN,보이,뛰느방
인드리캐스크스트렝스,기타,기타,UNKNOWN,인드리캐스크스트렝스,
[만나다] 유기농 바나나 내외,기타,기타,UNKNOWN,내외,만나다
나흐트골드아우스레제,기타,기타,UNKNOWN,나흐트골드아우스레제,
[마이노멀] 저당 아이스크림,기타,기타,UNKNOWN,아이스크림,마이노멀
세인트레미XO,기타,기타,UNKNOWN,세인트레미XO,
[동원] Dole 컵젤리,기타,기타,UNKNOWN,컵젤리,동원
[만전김] 만전곱창돌김입니다,기타,기타,UNKNOWN,만전곱창돌김입니다,만전김
[KF365] 1+ 한우 양지 덩어리 세절 (냉동),육류/계란,소고기,RAW_MEAT,냉동 양지,KF365
스코티시 리더 슈프림,기타,기타,UNKNOWN,슈프림,스코티시
로르나노 끼안티 클라시코 리제르바 레 반디트 (와인),술,와인,ALCOHOL,기타 주류,로르나노
[마마리] 바질페스토 파스타 샐러드,채소/곡물류,채소,RAW_PRODUCE,파스타,마마리
[더 더치] 스페셜 트라이 컬러 치즈,유제품,치즈,DAIRY,치즈,더 더치
[YOZM] 플레인 그릭요거트,유제품,요거트,DAIRY,그릭요거트,YOZM
[드시모네] 키즈 스텝1 딸기향 유산균,조미료,가루분말,SAUCE_SEASONING,유산균,드시모네
비네암바이오풀보르,기타,기타,UNKNOWN,비네암바이오풀보르,
봄베이선셋,기타,기타,UNKNOWN,봄베이선셋,
[도제식빵] 순통밀 식빵,간식류,빵류,BAKERY,식빵,도제식빵
[리모데나] 유기농 화이트 콘디멘토,기타,기타,UNKNOWN,콘디멘토,리모데나
[[LOCOS BBQ] ] 치폴레 풀드 포크,기타,기타,UNKNOWN,포크,[LOCOS BBQ
[근대골목단팥빵] 우리맛 생크림 단팥빵,유제품,버터/생크림,DAIRY,단팥빵,근대골목단팥빵
[뉴트리원] 초임계 알티지 오메가3 트리플,조미료,가루분말,SAUCE_SEASONING,트리플,뉴트리원
[더 샤퀴테리아] 블루미 살라미 까챠토레,기타,기타,UNKNOWN,살라미,더 샤퀴테리아
[KF365] 노르웨이 생연어회&스테이크,간편식,밀키트,RTC_MEAL,스테이크,KF365
[갓지은] 흑미견과찰떡,기타,기타,UNKNOWN,흑미견과찰떡,갓지은
[덴마크] 떠먹는 요거트 플레인,유제품,요거트,DAIRY,플레인,덴마크
[동광젓갈] 비빔오징어젓,수산물,오징어/문어,RAW_SEAFOOD,비빔오징어젓,동광젓갈
[마이노멀] 국산 저당 고추장,기타,기타,UNKNOWN,고추장,마이노멀
[덴마크] 후레쉬 모짜렐라,기타,기타,UNKNOWN,모짜렐라,덴마크
[마켓오] 구운김 톡스낵,간식류,과자/스낵,SNACK,톡스낵,마켓오
[더리얼] 100억 유산균 2.0,조미료,가루분말,SAUCE_SEASONING,2,더리얼
[감자밭] 인기 감자빵,간식류,빵류,BAKERY,감자빵,감자밭
부쉬밀오리지널세트,기타,기타,UNKNOWN,부쉬밀오리지널세트,
[라벨리] 깨먹는 티라미수 아이스크림,기타,기타,UNKNOWN,아이스크림,라벨리
[그녀의빵공장] 라우겐,간식류,빵류,BAKERY,라우겐,그녀의빵공장
[MD's Pick] 조항현 생산자의 성환 왕 배,기타,기타,UNKNOWN,배,MD's Pick
[데이라이프] 아이 뮨 베이비키즈 아연,기타,기타,UNKNOWN,아연,데이라이프
[누테이블] 에그샐러드,기타,기타,UNKNOWN,에그샐러드,누테이블
[광천김] 핑크퐁 키즈김자반,상온식품,김/자반,DRIED_SEAFOOD,키즈김자반,광천김
[농심] 신라면 더레드,간편식,라면,INSTANT,더레드,농심
[돈시몬] 착즙 레몬주스,음료,주스,BEVERAGE,레몬주스,돈시몬
[드시모네] 키즈 스텝1 블루베리향 유산균,조미료,가루분말,SAUCE_SEASONING,유산균,드시모네
[건나물] 건가지,채소/곡물류,채소,RAW_PRODUCE,건가지,건나물
[니뽕내뽕] 크뽕 (크림 짬뽕),간편식,밀키트,RTC_MEAL,크뽕,니뽕내뽕
멜로우콘위스키잔세트,술,기타 주류,ALCOHOL,기타 주류,
[krikri 크리크리] 그리스 그릭 요거트,유제품,요거트,DAIRY,요거트,krikri 크리크리
[Kurly's] 쫀득한 베이글(플레인),기타,기타,UNKNOWN,베이글,Kurly's
[Kurly's] 동물복지 반숙란,기타,기타,UNKNOWN,반숙란,Kurly's
[Kurly's] 1++ 한우 국거리 (냉장),육류/계란,소고기,RAW_MEAT,국거리,Kurly's
[롯데호텔] 동치미,채소/곡물류,채소,RAW_PRODUCE,동치미,롯데호텔
코맨더보드카+진,술,기타 주류,ALCOHOL,기타 주류,
[뱅베 내추럴] 레스티냑 바 뜨 페흐 부아흐 21 (와인),술,와인,ALCOHOL,기타 주류,뱅베 내추럴
[떡미당] 밥알찹쌀떡,간식류,떡,SNACK,밥알찹쌀떡,떡미당
[도시곳간] 그린빈표고버섯볶음,채소/곡물류,버섯,RAW_PRODUCE,그린빈표고버섯볶음,도시곳간
[둥구나무] 톳두부무침,채소/곡물류,콩/두부,SIMPLE_PROCESSED,톳두부무침,둥구나무
[감코리아] 곶감 쏙 잠봉,육류/계란,가공육(햄/소시지),PROCESSED_MEAT,잠봉,감코리아
[도제식빵] 순통밀 식빵,간식류,빵류,BAKERY,식빵,도제식빵
[다담] 냉이된장찌개 양념,조미료,양념/소스,SAUCE_SEASONING,된장찌개,다담
[KF365] 한돈 앞다리 용도별 균일가,육류/계란,돼지고기,RAW_MEAT,앞다리,KF365
[동서] 티백,음료,커피/차,BEVERAGE,티백,동서
[롯데] 칸쵸 입,간식류,과자/스낵,SNACK,입,롯데
노비볼레 로마냐 로사토,기타,기타,UNKNOWN,로사토,노비볼레
[Picard] 버터 뺑 오 쇼콜라,간식류,디저트/케이크,BAKERY,쇼콜라,Picard
[광동생활건강] 바르게 만든 흑염소진액,음료,주스,BEVERAGE,기타 주류,광동생활건강
[귤로장생] 제주 감귤 (비가림),과일/견과류,과일,RAW_FRUIT,감귤,귤로장생
음mmm!로제 입,술,와인,ALCOHOL,스파클링 와인,음mmm!로제
[25-26 햇올리브][까사스 디 후알도] 피쿠알 엑스트라버진,조미료,식용유/기름,SAUCE_SEASONING,올리브유,25-26 햇올리브
[대림선] 24 7 쫄깃 찰순대,육류/계란,가공육(햄/소시지),PROCESSED_MEAT,찰순대,대림선
[KF365] 갈색 구운란,육류/계란,계란,RAW_MEAT,구운란,KF365
[DIMES] 석류 착즙주스,음료,주스,BEVERAGE,착즙주스,DIMES
[디어패밀리] 마누카꿀 프로폴리스 캔디,간식류,초콜릿/사탕,SNACK,캔디,디어패밀리
[김구원선생] 국산콩 연두부,채소/곡물류,콩/두부,SIMPLE_PROCESSED,연두부,김구원선생
[26년 설] 닛카미야기쿄싱글몰트,술,기타 주류,ALCOHOL,닛카미야기쿄싱글몰트,26년 설
[krikri 크리크리] 그리스 그릭 요거트,유제품,요거트,DAIRY,요거트,krikri 크리크리
[마음이가] 콩쑥개떡,간식류,떡,SNACK,콩쑥개떡,마음이가
[라무라] 육즙가득 닭껍질 교자 만두,간편식,냉동식품,FROZEN_MEAL,만두,라무라
비네암바이오풀보르,기타,기타,UNKNOWN,비네암바이오풀보르,
[고래사] 어묵면,수산물,생선,RAW_SEAFOOD,어묵면,고래사
[CU픽업] 이브코트 보르도 므왈레,술,와인,ALCOHOL,므왈레,CU픽업
[동원] 야채참치,상온식품,참치/스팸캔,CANNED,야채참치,동원
[롯데웰푸드] 일품 팥빙수,간식류,디저트/케이크,BAKERY,팥빙수,롯데웰푸드
[고메] 소바바치킨 마쏘킥 순살,육류/계란,닭고기,RAW_MEAT,소바,고메
[담터] 생강차 플러스,음료,커피/차,BEVERAGE,플러스,담터
[UCC] 더 블렌드 인스턴트 커피,음료,커피/차,BEVERAGE,커피,UCC
[맥심] 디카페인 커피믹스,음료,커피/차,BEVERAGE,커피믹스,맥심
[HBAF] 와사비맛 아몬드,과일/견과류,견과류,RAW_FRUIT,아몬드,HBAF
[맑은물에] 참좋은 국산콩 순두부,채소/곡물류,콩/두부,SIMPLE_PROCESSED,순두부,맑은물에
[CJ] 맛밤,채소/곡물류,채소,RAW_PRODUCE,맛밤,CJ
[Better me] 백색 반숙란,기타,기타,UNKNOWN,반숙란,Better me
[ardo] 냉동브로콜리,기타,기타,UNKNOWN,냉동브로콜리,ardo
[KF365] 국산 손질 꽃게 (냉동),기타,기타,UNKNOWN,꽃게,KF365
[더오담] 가마솥 누룽지 (국내산),기타,기타,UNKNOWN,누룽지,더오담
[담꽃] 생강차 스틱,음료,커피/차,BEVERAGE,스틱,담꽃
아이덴티티보드카베리,술,기타 주류,ALCOHOL,기타 주류,
[김재규우리떡연구소] 제주해풍 팥쑥떡,기타,기타,UNKNOWN,팥쑥떡,김재규우리떡연구소
[라라스윗] 저당 넛티 초코바,기타,기타,UNKNOWN,초코바,라라스윗
[ardo] 레인보우 베지터블,기타,기타,UNKNOWN,베지터블,ardo
[가보팜스] 프리미엄 야생화꿀,기타,기타,UNKNOWN,야생화꿀,가보팜스
하쿠시카스즈로,기타,기타,UNKNOWN,하쿠시카스즈로,
[김소영 아티장의 안단테] 포인트 레이스 토마,기타,기타,UNKNOWN,토마,김소영 아티장의 안단테
[6다이닝] 이베리코 모둠구이,기타,기타,UNKNOWN,모둠구이,6다이닝
[마음이가] 우리쌀 조랭이떡,기타,기타,UNKNOWN,조랭이떡,마음이가
[HUGO&VICTOR] 스콘,기타,기타,UNKNOWN,스콘,HUGO&VICTOR
[KF365] 1+ 한우 불고기용 (냉장),육류/계란,소고기,RAW_MEAT,불고기,KF365
[기뜬정] 수제 호두정과,기타,기타,UNKNOWN,호두정과,기뜬정
[맥심] 모카골드 마일드 커피믹스,음료,커피/차,BEVERAGE,커피믹스,맥심
[LOTS OF LOVE] 봄맛듬뿍 곤드레밥,기타,기타,UNKNOWN,곤드레밥,LOTS OF LOVE
[고래주방] 우리쌀 동글동글떡,기타,기타,UNKNOWN,동글동글떡,고래주방
[감코리아][선물세트] 둥시&준시&흑곶감(월하시),기타,기타,UNKNOWN,둥시&준시&흑곶감,감코리아
[롯데웰푸드] 위즐 저당 리치 바닐라,기타,기타,UNKNOWN,바닐라,롯데웰푸드
[고디바] 프레스티지 초콜릿 비스킷 밀크,간식류,초콜릿/사탕,SNACK,밀크,고디바
[남양] 우리아이 처음먹는 얌얌과자,간식류,과자/스낵,SNACK,얌얌과자,남양
아벨라워 14년,기타,기타,UNKNOWN,14년,아벨라워
[KF365] 1등급 닭볶음탕용 (냉장),기타,기타,UNKNOWN,닭볶음탕용,KF365
[ISFI] 월계수잎,기타,기타,UNKNOWN,월계수잎,ISFI
[곱창파는청년들] 소곱창,채소/곡물류,채소,RAW_PRODUCE,소곱창,곱창파는청년들
[롯데] 가나 프리미엄 랑드샤 쿠키 치즈 베리,유제품,치즈,DAIRY,베리,롯데
[KF365] 무항생제 닭다리살 슬라이스 구이,기타,기타,UNKNOWN,구이,KF365
[건나물] 건토란대,채소/곡물류,채소,RAW_PRODUCE,건토란대,건나물
[다담] 냉장 양념,조미료,양념/소스,SAUCE_SEASONING,양념,다담
[기장물산] 미역귀다리,수산물,미역/다시마,DRIED_SEAFOOD,미역귀다리,기장물산
부쉬밀 10년(싱글몰트),술,기타 주류,ALCOHOL,10년,부쉬밀
[딥트 3일] 듀얼 버닝,기타,기타,UNKNOWN,버닝,딥트 3일
[롯데웰푸드] 저당 티코 밀크초코,기타,기타,UNKNOWN,밀크초코,롯데웰푸드
[닥터로빈] 저당 치아바타,기타,기타,UNKNOWN,치아바타,닥터로빈
[KF365] 국산 손질 꽃게 (냉동),기타,기타,UNKNOWN,꽃게,KF365
[동서] 끓여먹는 차,기타,기타,UNKNOWN,차,동서
[데본] 클로티드 크림,기타,기타,UNKNOWN,크림,데본
[네이처메이드] 비타민 B,조미료,가루분말,SAUCE_SEASONING,B,네이처메이드
[CU픽업] 사이카다이긴죠720,술,전통주,ALCOHOL,사이카다이긴죠720,CU픽업
퍼플 오리지널 말벡,술,와인,ALCOHOL,레드 와인,퍼플
더그레그라피노타쥐19,기타,기타,UNKNOWN,더그레그라피노타쥐19,
[디어패밀리] 마누카꿀 프로폴리스 캔디,간식류,초콜릿/사탕,SNACK,캔디,디어패밀리
토카이푸르민트,기타,기타,UNKNOWN,토카이푸르민트,
[Sea to Table] 손질 빅사이즈 새우,수산물,새우/게,RAW_SEAFOOD,새우,Sea to Table
[난축맛돈] 뼈등심 구이용,육류/계란,소고기,RAW_MEAT,등심,난축맛돈
[롯데] 졸음번쩍껌 에너지,기타,기타,UNKNOWN,에너지,롯데
[도나스데이] 찰떡소보루,기타,기타,UNKNOWN,찰떡소보루,도나스데이
[김소형원방] 목편한 무꿀배 스틱,기타,기타,UNKNOWN,스틱,김소형원방
[랩노쉬] 단백쿠키바 골라담기,간식류,과자/스낵,SNACK,골라담기,랩노쉬
[고메공방] 촉촉하고 바삭한 마늘바게트,채소/곡물류,채소,RAW_PRODUCE,마늘바게트,고메공방
[니씬] 민트소금사탕,간식류,초콜릿/사탕,SNACK,민트소금사탕,니씬
[데르뜨] 매일유업 우유 케이크,간식류,디저트/케이크,BAKERY,케이크,데르뜨
블랙바틀스모크앤대거,기타,기타,UNKNOWN,블랙바틀스모크앤대거,
[신년 ] 러셀 리저브 싱글배럴 버번 (위스키),술,기타 주류,ALCOHOL,기타 주류,신년
[두유본색] 자색고구마 아침두유,유제품,우유/두유,DAIRY,아침두유,두유본색
라포스톨쇼블20,술,와인,ALCOHOL,화이트 와인,
[Dole] 후룻컵 파인애플,과일/견과류,과일,RAW_FRUIT,파인애플,Dole
[노포기행] 용강동식 돼지왕구이,기타,기타,UNKNOWN,구이,노포기행
[고래사] 어묵탕 한그릇,수산물,생선,RAW_SEAFOOD,한그릇,고래사
[고래사] 야채가득 사각어묵,수산물,생선,RAW_SEAFOOD,사각어묵,고래사
[마담로익] 크림치즈,유제품,치즈,DAIRY,크림치즈,마담로익
[ESTI] 후무스&피타칩스,기타,기타,UNKNOWN,후무스&피타칩스,ESTI
[KF365] 한돈 (삼겹살 앞다리) 수육용,육류/계란,돼지고기,RAW_MEAT,수육,KF365
덴신유키준마이긴죠,술,전통주,ALCOHOL,덴신유키준마이긴죠,
[cutie] 미국산 만다린,기타,기타,UNKNOWN,만다린,cutie
[남양] 떠먹는 불가리스 제로 요거트 플레인,유제품,요거트,DAIRY,플레인,남양
부쉬밀16년(싱글몰트),술,기타 주류,ALCOHOL,부쉬밀16년,
조니워커블랙,기타,기타,UNKNOWN,조니워커블랙,
[넘버원양꼬치] 북경식 통오리 밀전병,기타,기타,UNKNOWN,밀전병,넘버원양꼬치
[KF365] 인기 숯불 고기 모음,기타,기타,UNKNOWN,모음,KF365
[김재식헬스푸드] 진한 배즙 도라지 배숙,술,기타 주류,ALCOHOL,기타 주류,김재식헬스푸드
[도리깨침] 잡채,기타,기타,UNKNOWN,잡채,도리깨침
[고추명가] 김치찌개 소스,조미료,양념/소스,SAUCE_SEASONING,김치찌개,고추명가
[룩트] 아이슬란딕 요거트,유제품,요거트,DAIRY,요거트,룩트
[그라놀로지] 시그니처 저당 프로틴 그래놀라,조미료,가루분말,SAUCE_SEASONING,그래놀라,그라놀로지
[롯데웰푸드] 구구 아이스크림,기타,기타,UNKNOWN,아이스크림,롯데웰푸드
자이언트스텝스 야라밸리 샤도네이 21 (와인),술,와인,ALCOHOL,화이트 와인,자이언트스텝스
[가농바이오] 오메가에그 무항생제 1+등급 특란,조미료,가루분말,SAUCE_SEASONING,계란,가농바이오
[로로멜로] 아이스 브륄레,기타,기타,UNKNOWN,브륄레,로로멜로
[만선] 조림용 고등어,수산물,생선,RAW_SEAFOOD,고등어,만선
[설 선물] 마르케스 데 리스칼 (와인),술,와인,ALCOHOL,기타 주류,설 선물
[떡편] 옥수수 기정떡,간식류,떡,SNACK,기정떡,떡편
[G7] 퓨어블랙 라이트,음료,커피/차,BEVERAGE,라이트,G7
[김호윤키친] 더이탈리안클럽 엔초비&푸타네스카 파스타,간편식,밀키트,RTC_MEAL,파스타,김호윤키친
칸티핑크블라썸,기타,기타,UNKNOWN,칸티핑크블라썸,
[떡미당] 구슬꿀떡,간식류,떡,SNACK,구슬꿀떡,떡미당
[Kurly's] 1++ 한우 국거리 (냉장),육류/계란,소고기,RAW_MEAT,국거리,Kurly's
[Kurly's] 1++ 한우 국거리 (냉장),육류/계란,소고기,RAW_MEAT,국거리,Kurly's
[리치몬드 과자점] 갈레트 데 루와,간식류,빵류,BAKERY,루와,리치몬드 과자점
[농협] 임실 순수 치즈,유제품,치즈,DAIRY,치즈,농협
(뉴질랜드) 밀키오 목초사육 방탄커피 기버터 Ghee,음료,커피/차,BEVERAGE,Ghee,뉴질랜드
